event_id,year,event_label,geography,metric,baseline_stratum,full_valid_population_denominator,stratum_population,stratum_population_fraction,additive_population_weighted_contribution,full_population_weighted_contribution,stratum_share_of_project_contribution
D2018_E01_GZ_M3_AIRPORT_NORTH,2018,Guangzhou Line 3 Airport North extension,D_equal_city,coverage,baseline_covered,38250058.61750648,4952082.071377605,0.10168283221613855,0.0,0.0,
D2018_E01_GZ_M3_AIRPORT_NORTH,2018,Guangzhou Line 3 Airport North extension,D_equal_city,coverage,baseline_uncovered,38250058.61750648,33297976.546128884,0.8983171677838615,0.0,0.0,
D2018_E01_GZ_M3_AIRPORT_NORTH,2018,Guangzhou Line 3 Airport North extension,D_equal_city,cross_city_opportunity,baseline_covered,38250058.61750648,4952082.071377605,0.10168283221613855,0.0,0.0,
D2018_E01_GZ_M3_AIRPORT_NORTH,2018,Guangzhou Line 3 Airport North extension,D_equal_city,cross_city_opportunity,baseline_uncovered,38250058.61750648,33297976.546128884,0.8983171677838615,0.0,0.0,
D2018_E01_GZ_M3_AIRPORT_NORTH,2018,Guangzhou Line 3 Airport North extension,D_equal_city,total_opportunity,baseline_covered,38250058.61750648,4952082.071377605,0.10168283221613855,0.0,0.0,
D2018_E01_GZ_M3_AIRPORT_NORTH,2018,Guangzhou Line 3 Airport North extension,D_equal_city,total_opportunity,baseline_uncovered,38250058.61750648,33297976.546128884,0.8983171677838615,0.0,0.0,
D2018_E01_GZ_M3_AIRPORT_NORTH,2018,Guangzhou Line 3 Airport North extension,Dongguan,coverage,baseline_covered,10532289.192640668,303789.0819543783,0.0288435948157071,0.0,0.0,
D2018_E01_GZ_M3_AIRPORT_NORTH,2018,Guangzhou Line 3 Airport North extension,Dongguan,coverage,baseline_uncovered,10532289.192640668,10228500.110686291,0.971156405184293,0.0,0.0,
D2018_E01_GZ_M3_AIRPORT_NORTH,2018,Guangzhou Line 3 Airport North extension,Dongguan,cross_city_opportunity,baseline_covered,10532289.192640668,303789.0819543783,0.0288435948157071,0.0,0.0,
D2018_E01_GZ_M3_AIRPORT_NORTH,2018,Guangzhou Line 3 Airport North extension,Dongguan,cross_city_opportunity,baseline_uncovered,10532289.192640668,10228500.110686291,0.971156405184293,0.0,0.0,
D2018_E01_GZ_M3_AIRPORT_NORTH,2018,Guangzhou Line 3 Airport North extension,Dongguan,total_opportunity,baseline_covered,10532289.192640668,303789.0819543783,0.0288435948157071,0.0,0.0,
D2018_E01_GZ_M3_AIRPORT_NORTH,2018,Guangzhou Line 3 Airport North extension,Dongguan,total_opportunity,baseline_uncovered,10532289.192640668,10228500.110686291,0.971156405184293,0.0,0.0,
D2018_E01_GZ_M3_AIRPORT_NORTH,2018,Guangzhou Line 3 Airport North extension,Foshan,coverage,baseline_covered,9678873.784230271,386851.08173624065,0.03996860485633511,0.0,0.0,
D2018_E01_GZ_M3_AIRPORT_NORTH,2018,Guangzhou Line 3 Airport North extension,Foshan,coverage,baseline_uncovered,9678873.784230271,9292022.70249403,0.9600313951436649,0.0,0.0,
D2018_E01_GZ_M3_AIRPORT_NORTH,2018,Guangzhou Line 3 Airport North extension,Foshan,cross_city_opportunity,baseline_covered,9678873.784230271,386851.08173624065,0.03996860485633511,0.0,0.0,
D2018_E01_GZ_M3_AIRPORT_NORTH,2018,Guangzhou Line 3 Airport North extension,Foshan,cross_city_opportunity,baseline_uncovered,9678873.784230271,9292022.70249403,0.9600313951436649,0.0,0.0,
D2018_E01_GZ_M3_AIRPORT_NORTH,2018,Guangzhou Line 3 Airport North extension,Foshan,total_opportunity,baseline_covered,9678873.784230271,386851.08173624065,0.03996860485633511,0.0,0.0,
D2018_E01_GZ_M3_AIRPORT_NORTH,2018,Guangzhou Line 3 Airport North extension,Foshan,total_opportunity,baseline_uncovered,9678873.784230271,9292022.70249403,0.9600313951436649,0.0,0.0,
D2018_E01_GZ_M3_AIRPORT_NORTH,2018,Guangzhou Line 3 Airport North extension,Guangzhou,coverage,baseline_covered,18038895.640635543,4261441.907686986,0.23623629697637344,0.0,0.0,
D2018_E01_GZ_M3_AIRPORT_NORTH,2018,Guangzhou Line 3 Airport North extension,Guangzhou,coverage,baseline_uncovered,18038895.640635543,13777453.732948558,0.7637637030236267,0.0,0.0,
D2018_E01_GZ_M3_AIRPORT_NORTH,2018,Guangzhou Line 3 Airport North extension,Guangzhou,cross_city_opportunity,baseline_covered,18038895.640635543,4261441.907686986,0.23623629697637344,0.0,0.0,
D2018_E01_GZ_M3_AIRPORT_NORTH,2018,Guangzhou Line 3 Airport North extension,Guangzhou,cross_city_opportunity,baseline_uncovered,18038895.640635543,13777453.732948558,0.7637637030236267,0.0,0.0,
D2018_E01_GZ_M3_AIRPORT_NORTH,2018,Guangzhou Line 3 Airport North extension,Guangzhou,total_opportunity,baseline_covered,18038895.640635543,4261441.907686986,0.23623629697637344,0.0,0.0,
D2018_E01_GZ_M3_AIRPORT_NORTH,2018,Guangzhou Line 3 Airport North extension,Guangzhou,total_opportunity,baseline_uncovered,18038895.640635543,13777453.732948558,0.7637637030236267,0.0,0.0,
D2018_E02_GZ_M9_QINGTANG,2018,Qingtang infill station passenger activation,D_equal_city,coverage,baseline_covered,38250058.61750648,4952082.071377605,0.10168283221613855,0.0,0.00015715778498527825,0.0
D2018_E02_GZ_M9_QINGTANG,2018,Qingtang infill station passenger activation,D_equal_city,coverage,baseline_uncovered,38250058.61750648,33297976.546128884,0.8983171677838615,0.00015715778498527825,0.00015715778498527825,1.0
D2018_E02_GZ_M9_QINGTANG,2018,Qingtang infill station passenger activation,D_equal_city,cross_city_opportunity,baseline_covered,38250058.61750648,4952082.071377605,0.10168283221613855,0.8274205898060409,1.040408425121016,0.7952843996912067
D2018_E02_GZ_M9_QINGTANG,2018,Qingtang infill station passenger activation,D_equal_city,cross_city_opportunity,baseline_uncovered,38250058.61750648,33297976.546128884,0.8983171677838615,0.2129878353149748,1.040408425121016,0.20471560030879313
D2018_E02_GZ_M9_QINGTANG,2018,Qingtang infill station passenger activation,D_equal_city,total_opportunity,baseline_covered,38250058.61750648,4952082.071377605,0.10168283221613855,68.28369048946745,144.38089772270308,0.47294130710152954
D2018_E02_GZ_M9_QINGTANG,2018,Qingtang infill station passenger activation,D_equal_city,total_opportunity,baseline_uncovered,38250058.61750648,33297976.546128884,0.8983171677838615,76.09720723323566,144.38089772270308,0.5270586928984706
D2018_E02_GZ_M9_QINGTANG,2018,Qingtang infill station passenger activation,Dongguan,coverage,baseline_covered,10532289.192640668,303789.0819543783,0.0288435948157071,0.0,0.0,
D2018_E02_GZ_M9_QINGTANG,2018,Qingtang infill station passenger activation,Dongguan,coverage,baseline_uncovered,10532289.192640668,10228500.110686291,0.971156405184293,0.0,0.0,
D2018_E02_GZ_M9_QINGTANG,2018,Qingtang infill station passenger activation,Dongguan,cross_city_opportunity,baseline_covered,10532289.192640668,303789.0819543783,0.0288435948157071,0.0,0.0,
D2018_E02_GZ_M9_QINGTANG,2018,Qingtang infill station passenger activation,Dongguan,cross_city_opportunity,baseline_uncovered,10532289.192640668,10228500.110686291,0.971156405184293,0.0,0.0,
D2018_E02_GZ_M9_QINGTANG,2018,Qingtang infill station passenger activation,Dongguan,total_opportunity,baseline_covered,10532289.192640668,303789.0819543783,0.0288435948157071,0.0,0.0,
D2018_E02_GZ_M9_QINGTANG,2018,Qingtang infill station passenger activation,Dongguan,total_opportunity,baseline_uncovered,10532289.192640668,10228500.110686291,0.971156405184293,0.0,0.0,
D2018_E02_GZ_M9_QINGTANG,2018,Qingtang infill station passenger activation,Foshan,coverage,baseline_covered,9678873.784230271,386851.08173624065,0.03996860485633511,0.0,0.0,
D2018_E02_GZ_M9_QINGTANG,2018,Qingtang infill station passenger activation,Foshan,coverage,baseline_uncovered,9678873.784230271,9292022.70249403,0.9600313951436649,0.0,0.0,
D2018_E02_GZ_M9_QINGTANG,2018,Qingtang infill station passenger activation,Foshan,cross_city_opportunity,baseline_covered,9678873.784230271,386851.08173624065,0.03996860485633511,2.457906523691572,2.4579065236915723,0.9999999999999998
D2018_E02_GZ_M9_QINGTANG,2018,Qingtang infill station passenger activation,Foshan,cross_city_opportunity,baseline_uncovered,9678873.784230271,9292022.70249403,0.9600313951436649,0.0,2.4579065236915723,0.0
D2018_E02_GZ_M9_QINGTANG,2018,Qingtang infill station passenger activation,Foshan,total_opportunity,baseline_covered,9678873.784230271,386851.08173624065,0.03996860485633511,2.4579065236917637,2.4579065236917637,1.0
D2018_E02_GZ_M9_QINGTANG,2018,Qingtang infill station passenger activation,Foshan,total_opportunity,baseline_uncovered,9678873.784230271,9292022.70249403,0.9600313951436649,0.0,2.4579065236917637,0.0
D2018_E02_GZ_M9_QINGTANG,2018,Qingtang infill station passenger activation,Guangzhou,coverage,baseline_covered,18038895.640635543,4261441.907686986,0.23623629697637344,0.0,0.0004714733549558347,0.0
D2018_E02_GZ_M9_QINGTANG,2018,Qingtang infill station passenger activation,Guangzhou,coverage,baseline_uncovered,18038895.640635543,13777453.732948558,0.7637637030236267,0.0004714733549558347,0.0004714733549558347,1.0
D2018_E02_GZ_M9_QINGTANG,2018,Qingtang infill station passenger activation,Guangzhou,cross_city_opportunity,baseline_covered,18038895.640635543,4261441.907686986,0.23623629697637344,0.02435524572655113,0.6633187516714756,0.03671725797767533
D2018_E02_GZ_M9_QINGTANG,2018,Qingtang infill station passenger activation,Guangzhou,cross_city_opportunity,baseline_uncovered,18038895.640635543,13777453.732948558,0.7637637030236267,0.6389635059449245,0.6633187516714756,0.9632827420223247
D2018_E02_GZ_M9_QINGTANG,2018,Qingtang infill station passenger activation,Guangzhou,total_opportunity,baseline_covered,18038895.640635543,4261441.907686986,0.23623629697637344,202.39316494471055,430.6847866444175,0.46993339728020306
D2018_E02_GZ_M9_QINGTANG,2018,Qingtang infill station passenger activation,Guangzhou,total_opportunity,baseline_uncovered,18038895.640635543,13777453.732948558,0.7637637030236267,228.29162169970698,430.6847866444175,0.530066602719797
D2018_E03_GF_LIJIAO,2018,Guangfo Metro Yangang-Lijiao extension,D_equal_city,coverage,baseline_covered,38250058.61750648,4952082.071377605,0.10168283221613855,0.0,0.0009482894456291777,0.0
D2018_E03_GF_LIJIAO,2018,Guangfo Metro Yangang-Lijiao extension,D_equal_city,coverage,baseline_uncovered,38250058.61750648,33297976.546128884,0.8983171677838615,0.0009482894456291778,0.0009482894456291777,1.0000000000000002
D2018_E03_GF_LIJIAO,2018,Guangfo Metro Yangang-Lijiao extension,D_equal_city,cross_city_opportunity,baseline_covered,38250058.61750648,4952082.071377605,0.10168283221613855,451.1725927250059,522.3845734419848,0.8636790128625658
D2018_E03_GF_LIJIAO,2018,Guangfo Metro Yangang-Lijiao extension,D_equal_city,cross_city_opportunity,baseline_uncovered,38250058.61750648,33297976.546128884,0.8983171677838615,71.21198071697893,522.3845734419848,0.13632098713743432
D2018_E03_GF_LIJIAO,2018,Guangfo Metro Yangang-Lijiao extension,D_equal_city,total_opportunity,baseline_covered,38250058.61750648,4952082.071377605,0.10168283221613855,2266.553468053471,3522.2986828348658,0.6434870157658724
D2018_E03_GF_LIJIAO,2018,Guangfo Metro Yangang-Lijiao extension,D_equal_city,total_opportunity,baseline_uncovered,38250058.61750648,33297976.546128884,0.8983171677838615,1255.7452147813945,3522.2986828348658,0.3565129842341275
D2018_E03_GF_LIJIAO,2018,Guangfo Metro Yangang-Lijiao extension,Dongguan,coverage,baseline_covered,10532289.192640668,303789.0819543783,0.0288435948157071,0.0,0.0,
D2018_E03_GF_LIJIAO,2018,Guangfo Metro Yangang-Lijiao extension,Dongguan,coverage,baseline_uncovered,10532289.192640668,10228500.110686291,0.971156405184293,0.0,0.0,
D2018_E03_GF_LIJIAO,2018,Guangfo Metro Yangang-Lijiao extension,Dongguan,cross_city_opportunity,baseline_covered,10532289.192640668,303789.0819543783,0.0288435948157071,0.0,0.0,
D2018_E03_GF_LIJIAO,2018,Guangfo Metro Yangang-Lijiao extension,Dongguan,cross_city_opportunity,baseline_uncovered,10532289.192640668,10228500.110686291,0.971156405184293,0.0,0.0,
D2018_E03_GF_LIJIAO,2018,Guangfo Metro Yangang-Lijiao extension,Dongguan,total_opportunity,baseline_covered,10532289.192640668,303789.0819543783,0.0288435948157071,0.0,0.0,
D2018_E03_GF_LIJIAO,2018,Guangfo Metro Yangang-Lijiao extension,Dongguan,total_opportunity,baseline_uncovered,10532289.192640668,10228500.110686291,0.971156405184293,0.0,0.0,
D2018_E03_GF_LIJIAO,2018,Guangfo Metro Yangang-Lijiao extension,Foshan,coverage,baseline_covered,9678873.784230271,386851.08173624065,0.03996860485633511,0.0,0.0,
D2018_E03_GF_LIJIAO,2018,Guangfo Metro Yangang-Lijiao extension,Foshan,coverage,baseline_uncovered,9678873.784230271,9292022.70249403,0.9600313951436649,0.0,0.0,
D2018_E03_GF_LIJIAO,2018,Guangfo Metro Yangang-Lijiao extension,Foshan,cross_city_opportunity,baseline_covered,9678873.784230271,386851.08173624065,0.03996860485633511,1018.6044834431208,1018.6044834431206,1.0000000000000002
D2018_E03_GF_LIJIAO,2018,Guangfo Metro Yangang-Lijiao extension,Foshan,cross_city_opportunity,baseline_uncovered,9678873.784230271,9292022.70249403,0.9600313951436649,0.0,1018.6044834431206,0.0
D2018_E03_GF_LIJIAO,2018,Guangfo Metro Yangang-Lijiao extension,Foshan,total_opportunity,baseline_covered,9678873.784230271,386851.08173624065,0.03996860485633511,1018.6044834431216,1018.6044834431214,1.0000000000000002
D2018_E03_GF_LIJIAO,2018,Guangfo Metro Yangang-Lijiao extension,Foshan,total_opportunity,baseline_uncovered,9678873.784230271,9292022.70249403,0.9600313951436649,0.0,1018.6044834431214,0.0
D2018_E03_GF_LIJIAO,2018,Guangfo Metro Yangang-Lijiao extension,Guangzhou,coverage,baseline_covered,18038895.640635543,4261441.907686986,0.23623629697637344,0.0,0.002844868336887533,0.0
D2018_E03_GF_LIJIAO,2018,Guangfo Metro Yangang-Lijiao extension,Guangzhou,coverage,baseline_uncovered,18038895.640635543,13777453.732948558,0.7637637030236267,0.0028448683368875335,0.002844868336887533,1.0000000000000002
D2018_E03_GF_LIJIAO,2018,Guangfo Metro Yangang-Lijiao extension,Guangzhou,cross_city_opportunity,baseline_covered,18038895.640635543,4261441.907686986,0.23623629697637344,334.913294731897,548.5492368828337,0.6105437255460664
D2018_E03_GF_LIJIAO,2018,Guangfo Metro Yangang-Lijiao extension,Guangzhou,cross_city_opportunity,baseline_uncovered,18038895.640635543,13777453.732948558,0.7637637030236267,213.63594215093678,548.5492368828337,0.3894562744539337
D2018_E03_GF_LIJIAO,2018,Guangfo Metro Yangang-Lijiao extension,Guangzhou,total_opportunity,baseline_covered,18038895.640635543,4261441.907686986,0.23623629697637344,5781.055920717292,9548.291565061476,0.6054544817075944
D2018_E03_GF_LIJIAO,2018,Guangfo Metro Yangang-Lijiao extension,Guangzhou,total_opportunity,baseline_uncovered,18038895.640635543,13777453.732948558,0.7637637030236267,3767.2356443441836,9548.291565061476,0.3945455182924055
D2018_E04_GZ_M14_MAIN,2018,Guangzhou Line 14 main line,D_equal_city,coverage,baseline_covered,38250058.61750648,4952082.071377605,0.10168283221613855,0.0,0.00145610950484911,0.0
D2018_E04_GZ_M14_MAIN,2018,Guangzhou Line 14 main line,D_equal_city,coverage,baseline_uncovered,38250058.61750648,33297976.546128884,0.8983171677838615,0.00145610950484911,0.00145610950484911,1.0
D2018_E04_GZ_M14_MAIN,2018,Guangzhou Line 14 main line,D_equal_city,cross_city_opportunity,baseline_covered,38250058.61750648,4952082.071377605,0.10168283221613855,32.58948895635594,40.9301446776213,0.7962221783734461
D2018_E04_GZ_M14_MAIN,2018,Guangzhou Line 14 main line,D_equal_city,cross_city_opportunity,baseline_uncovered,38250058.61750648,33297976.546128884,0.8983171677838615,8.340655721265351,40.9301446776213,0.20377782162655375
D2018_E04_GZ_M14_MAIN,2018,Guangzhou Line 14 main line,D_equal_city,total_opportunity,baseline_covered,38250058.61750648,4952082.071377605,0.10168283221613855,819.0831685402413,1499.5031110419122,0.5462363915811491
D2018_E04_GZ_M14_MAIN,2018,Guangzhou Line 14 main line,D_equal_city,total_opportunity,baseline_uncovered,38250058.61750648,33297976.546128884,0.8983171677838615,680.4199425016707,1499.5031110419122,0.4537636084188507
D2018_E04_GZ_M14_MAIN,2018,Guangzhou Line 14 main line,Dongguan,coverage,baseline_covered,10532289.192640668,303789.0819543783,0.0288435948157071,0.0,0.0,
D2018_E04_GZ_M14_MAIN,2018,Guangzhou Line 14 main line,Dongguan,coverage,baseline_uncovered,10532289.192640668,10228500.110686291,0.971156405184293,0.0,0.0,
D2018_E04_GZ_M14_MAIN,2018,Guangzhou Line 14 main line,Dongguan,cross_city_opportunity,baseline_covered,10532289.192640668,303789.0819543783,0.0288435948157071,0.0,0.0,
D2018_E04_GZ_M14_MAIN,2018,Guangzhou Line 14 main line,Dongguan,cross_city_opportunity,baseline_uncovered,10532289.192640668,10228500.110686291,0.971156405184293,0.0,0.0,
D2018_E04_GZ_M14_MAIN,2018,Guangzhou Line 14 main line,Dongguan,total_opportunity,baseline_covered,10532289.192640668,303789.0819543783,0.0288435948157071,0.0,0.0,
D2018_E04_GZ_M14_MAIN,2018,Guangzhou Line 14 main line,Dongguan,total_opportunity,baseline_uncovered,10532289.192640668,10228500.110686291,0.971156405184293,0.0,0.0,
D2018_E04_GZ_M14_MAIN,2018,Guangzhou Line 14 main line,Foshan,coverage,baseline_covered,9678873.784230271,386851.08173624065,0.03996860485633511,0.0,0.0,
D2018_E04_GZ_M14_MAIN,2018,Guangzhou Line 14 main line,Foshan,coverage,baseline_uncovered,9678873.784230271,9292022.70249403,0.9600313951436649,0.0,0.0,
D2018_E04_GZ_M14_MAIN,2018,Guangzhou Line 14 main line,Foshan,cross_city_opportunity,baseline_covered,9678873.784230271,386851.08173624065,0.03996860485633511,97.73034279468459,97.73034279468462,0.9999999999999997
D2018_E04_GZ_M14_MAIN,2018,Guangzhou Line 14 main line,Foshan,cross_city_opportunity,baseline_uncovered,9678873.784230271,9292022.70249403,0.9600313951436649,0.0,97.73034279468462,0.0
D2018_E04_GZ_M14_MAIN,2018,Guangzhou Line 14 main line,Foshan,total_opportunity,baseline_covered,9678873.784230271,386851.08173624065,0.03996860485633511,97.73034279468445,97.73034279468445,1.0
D2018_E04_GZ_M14_MAIN,2018,Guangzhou Line 14 main line,Foshan,total_opportunity,baseline_uncovered,9678873.784230271,9292022.70249403,0.9600313951436649,0.0,97.73034279468445,0.0
D2018_E04_GZ_M14_MAIN,2018,Guangzhou Line 14 main line,Guangzhou,coverage,baseline_covered,18038895.640635543,4261441.907686986,0.23623629697637344,0.0,0.0043683285145473295,0.0
D2018_E04_GZ_M14_MAIN,2018,Guangzhou Line 14 main line,Guangzhou,coverage,baseline_uncovered,18038895.640635543,13777453.732948558,0.7637637030236267,0.0043683285145473295,0.0043683285145473295,1.0
D2018_E04_GZ_M14_MAIN,2018,Guangzhou Line 14 main line,Guangzhou,cross_city_opportunity,baseline_covered,18038895.640635543,4261441.907686986,0.23623629697637344,0.038124074383229754,25.060091238179282,0.0015213062881889023
D2018_E04_GZ_M14_MAIN,2018,Guangzhou Line 14 main line,Guangzhou,cross_city_opportunity,baseline_uncovered,18038895.640635543,13777453.732948558,0.7637637030236267,25.021967163796052,25.060091238179282,0.9984786937118111
D2018_E04_GZ_M14_MAIN,2018,Guangzhou Line 14 main line,Guangzhou,total_opportunity,baseline_covered,18038895.640635543,4261441.907686986,0.23623629697637344,2359.5191628260395,4400.778990331052,0.5361594317756327
D2018_E04_GZ_M14_MAIN,2018,Guangzhou Line 14 main line,Guangzhou,total_opportunity,baseline_uncovered,18038895.640635543,13777453.732948558,0.7637637030236267,2041.259827505012,4400.778990331052,0.46384056822436714
D2018_E05_GZ_M21_EAST,2018,Guangzhou Line 21 eastern section,D_equal_city,coverage,baseline_covered,38250058.61750648,4952082.071377605,0.10168283221613855,0.0,0.0005865183199729207,0.0
D2018_E05_GZ_M21_EAST,2018,Guangzhou Line 21 eastern section,D_equal_city,coverage,baseline_uncovered,38250058.61750648,33297976.546128884,0.8983171677838615,0.0005865183199729207,0.0005865183199729207,1.0
D2018_E05_GZ_M21_EAST,2018,Guangzhou Line 21 eastern section,D_equal_city,cross_city_opportunity,baseline_covered,38250058.61750648,4952082.071377605,0.10168283221613855,0.0,0.0,
D2018_E05_GZ_M21_EAST,2018,Guangzhou Line 21 eastern section,D_equal_city,cross_city_opportunity,baseline_uncovered,38250058.61750648,33297976.546128884,0.8983171677838615,0.0,0.0,
D2018_E05_GZ_M21_EAST,2018,Guangzhou Line 21 eastern section,D_equal_city,total_opportunity,baseline_covered,38250058.61750648,4952082.071377605,0.10168283221613855,4.244686431230043,16.94356984373663,0.25051901520027886
D2018_E05_GZ_M21_EAST,2018,Guangzhou Line 21 eastern section,D_equal_city,total_opportunity,baseline_uncovered,38250058.61750648,33297976.546128884,0.8983171677838615,12.698883412506587,16.94356984373663,0.7494809847997213
D2018_E05_GZ_M21_EAST,2018,Guangzhou Line 21 eastern section,Dongguan,coverage,baseline_covered,10532289.192640668,303789.0819543783,0.0288435948157071,0.0,0.0,
D2018_E05_GZ_M21_EAST,2018,Guangzhou Line 21 eastern section,Dongguan,coverage,baseline_uncovered,10532289.192640668,10228500.110686291,0.971156405184293,0.0,0.0,
D2018_E05_GZ_M21_EAST,2018,Guangzhou Line 21 eastern section,Dongguan,cross_city_opportunity,baseline_covered,10532289.192640668,303789.0819543783,0.0288435948157071,0.0,0.0,
D2018_E05_GZ_M21_EAST,2018,Guangzhou Line 21 eastern section,Dongguan,cross_city_opportunity,baseline_uncovered,10532289.192640668,10228500.110686291,0.971156405184293,0.0,0.0,
D2018_E05_GZ_M21_EAST,2018,Guangzhou Line 21 eastern section,Dongguan,total_opportunity,baseline_covered,10532289.192640668,303789.0819543783,0.0288435948157071,0.0,0.0,
D2018_E05_GZ_M21_EAST,2018,Guangzhou Line 21 eastern section,Dongguan,total_opportunity,baseline_uncovered,10532289.192640668,10228500.110686291,0.971156405184293,0.0,0.0,
D2018_E05_GZ_M21_EAST,2018,Guangzhou Line 21 eastern section,Foshan,coverage,baseline_covered,9678873.784230271,386851.08173624065,0.03996860485633511,0.0,0.0,
D2018_E05_GZ_M21_EAST,2018,Guangzhou Line 21 eastern section,Foshan,coverage,baseline_uncovered,9678873.784230271,9292022.70249403,0.9600313951436649,0.0,0.0,
D2018_E05_GZ_M21_EAST,2018,Guangzhou Line 21 eastern section,Foshan,cross_city_opportunity,baseline_covered,9678873.784230271,386851.08173624065,0.03996860485633511,0.0,0.0,
D2018_E05_GZ_M21_EAST,2018,Guangzhou Line 21 eastern section,Foshan,cross_city_opportunity,baseline_uncovered,9678873.784230271,9292022.70249403,0.9600313951436649,0.0,0.0,
D2018_E05_GZ_M21_EAST,2018,Guangzhou Line 21 eastern section,Foshan,total_opportunity,baseline_covered,9678873.784230271,386851.08173624065,0.03996860485633511,0.0,0.0,
D2018_E05_GZ_M21_EAST,2018,Guangzhou Line 21 eastern section,Foshan,total_opportunity,baseline_uncovered,9678873.784230271,9292022.70249403,0.9600313951436649,0.0,0.0,
D2018_E05_GZ_M21_EAST,2018,Guangzhou Line 21 eastern section,Guangzhou,coverage,baseline_covered,18038895.640635543,4261441.907686986,0.23623629697637344,0.0,0.0017595549599187623,0.0
D2018_E05_GZ_M21_EAST,2018,Guangzhou Line 21 eastern section,Guangzhou,coverage,baseline_uncovered,18038895.640635543,13777453.732948558,0.7637637030236267,0.0017595549599187623,0.0017595549599187623,1.0
D2018_E05_GZ_M21_EAST,2018,Guangzhou Line 21 eastern section,Guangzhou,cross_city_opportunity,baseline_covered,18038895.640635543,4261441.907686986,0.23623629697637344,0.0,0.0,
D2018_E05_GZ_M21_EAST,2018,Guangzhou Line 21 eastern section,Guangzhou,cross_city_opportunity,baseline_uncovered,18038895.640635543,13777453.732948558,0.7637637030236267,0.0,0.0,
D2018_E05_GZ_M21_EAST,2018,Guangzhou Line 21 eastern section,Guangzhou,total_opportunity,baseline_covered,18038895.640635543,4261441.907686986,0.23623629697637344,12.73405929369013,50.830709531209884,0.2505190152002789
D2018_E05_GZ_M21_EAST,2018,Guangzhou Line 21 eastern section,Guangzhou,total_opportunity,baseline_uncovered,18038895.640635543,13777453.732948558,0.7637637030236267,38.09665023751976,50.830709531209884,0.7494809847997213
D2019_E01_GZ_M21_WEST,2019,Guangzhou Line 21 western section,D_equal_city,coverage,baseline_covered,38250058.61750648,5122445.463559325,0.10483090727157503,0.0,0.002742059449551875,0.0
D2019_E01_GZ_M21_WEST,2019,Guangzhou Line 21 western section,D_equal_city,coverage,baseline_uncovered,38250058.61750648,33127613.15394716,0.895169092728425,0.002742059449551875,0.002742059449551875,1.0
D2019_E01_GZ_M21_WEST,2019,Guangzhou Line 21 western section,D_equal_city,cross_city_opportunity,baseline_covered,38250058.61750648,5122445.463559325,0.10483090727157503,64.83509724826756,116.63214806019703,0.5558938794028246
D2019_E01_GZ_M21_WEST,2019,Guangzhou Line 21 western section,D_equal_city,cross_city_opportunity,baseline_uncovered,38250058.61750648,33127613.15394716,0.895169092728425,51.797050811929466,116.63214806019703,0.4441061205971753
D2019_E01_GZ_M21_WEST,2019,Guangzhou Line 21 western section,D_equal_city,total_opportunity,baseline_covered,38250058.61750648,5122445.463559325,0.10483090727157503,1598.8169896904008,4340.052231412116,0.3683865779583478
D2019_E01_GZ_M21_WEST,2019,Guangzhou Line 21 western section,D_equal_city,total_opportunity,baseline_uncovered,38250058.61750648,33127613.15394716,0.895169092728425,2741.2352417217166,4340.052231412116,0.6316134220416525
D2019_E01_GZ_M21_WEST,2019,Guangzhou Line 21 western section,Dongguan,coverage,baseline_covered,10532289.192640668,303789.0819543783,0.0288435948157071,0.0,0.0,
D2019_E01_GZ_M21_WEST,2019,Guangzhou Line 21 western section,Dongguan,coverage,baseline_uncovered,10532289.192640668,10228500.110686291,0.971156405184293,0.0,0.0,
D2019_E01_GZ_M21_WEST,2019,Guangzhou Line 21 western section,Dongguan,cross_city_opportunity,baseline_covered,10532289.192640668,303789.0819543783,0.0288435948157071,0.0,0.0,
D2019_E01_GZ_M21_WEST,2019,Guangzhou Line 21 western section,Dongguan,cross_city_opportunity,baseline_uncovered,10532289.192640668,10228500.110686291,0.971156405184293,0.0,0.0,
D2019_E01_GZ_M21_WEST,2019,Guangzhou Line 21 western section,Dongguan,total_opportunity,baseline_covered,10532289.192640668,303789.0819543783,0.0288435948157071,0.0,0.0,
D2019_E01_GZ_M21_WEST,2019,Guangzhou Line 21 western section,Dongguan,total_opportunity,baseline_uncovered,10532289.192640668,10228500.110686291,0.971156405184293,0.0,0.0,
D2019_E01_GZ_M21_WEST,2019,Guangzhou Line 21 western section,Foshan,coverage,baseline_covered,9678873.784230271,386851.08173624065,0.03996860485633511,0.0,0.0,
D2019_E01_GZ_M21_WEST,2019,Guangzhou Line 21 western section,Foshan,coverage,baseline_uncovered,9678873.784230271,9292022.70249403,0.9600313951436649,0.0,0.0,
D2019_E01_GZ_M21_WEST,2019,Guangzhou Line 21 western section,Foshan,cross_city_opportunity,baseline_covered,9678873.784230271,386851.08173624065,0.03996860485633511,194.34258066125452,194.34258066125452,1.0
D2019_E01_GZ_M21_WEST,2019,Guangzhou Line 21 western section,Foshan,cross_city_opportunity,baseline_uncovered,9678873.784230271,9292022.70249403,0.9600313951436649,0.0,194.34258066125452,0.0
D2019_E01_GZ_M21_WEST,2019,Guangzhou Line 21 western section,Foshan,total_opportunity,baseline_covered,9678873.784230271,386851.08173624065,0.03996860485633511,194.34258066125415,194.34258066125417,0.9999999999999999
D2019_E01_GZ_M21_WEST,2019,Guangzhou Line 21 western section,Foshan,total_opportunity,baseline_uncovered,9678873.784230271,9292022.70249403,0.9600313951436649,0.0,194.34258066125417,0.0
D2019_E01_GZ_M21_WEST,2019,Guangzhou Line 21 western section,Guangzhou,coverage,baseline_covered,18038895.640635543,4431805.299868706,0.24568052214268285,0.0,0.008226178348655626,0.0
D2019_E01_GZ_M21_WEST,2019,Guangzhou Line 21 western section,Guangzhou,coverage,baseline_uncovered,18038895.640635543,13607090.340766836,0.7543194778573171,0.008226178348655626,0.008226178348655626,1.0
D2019_E01_GZ_M21_WEST,2019,Guangzhou Line 21 western section,Guangzhou,cross_city_opportunity,baseline_covered,18038895.640635543,4431805.299868706,0.24568052214268285,0.16271108354817554,155.55386351933655,0.0010460112006665094
D2019_E01_GZ_M21_WEST,2019,Guangzhou Line 21 western section,Guangzhou,cross_city_opportunity,baseline_uncovered,18038895.640635543,13607090.340766836,0.7543194778573171,155.3911524357884,155.55386351933655,0.9989539887993337
D2019_E01_GZ_M21_WEST,2019,Guangzhou Line 21 western section,Guangzhou,total_opportunity,baseline_covered,18038895.640635543,4431805.299868706,0.24568052214268285,4602.108388409948,12825.814113575096,0.3588160835372614
D2019_E01_GZ_M21_WEST,2019,Guangzhou Line 21 western section,Guangzhou,total_opportunity,baseline_uncovered,18038895.640635543,13607090.340766836,0.7543194778573171,8223.70572516515,12825.814113575096,0.6411839164627388
D2019_E02_GZ_M8_CULTURAL_PARK,2019,Guangzhou Line 8 Cultural Park extension,D_equal_city,coverage,baseline_covered,38250058.61750648,5122445.463559325,0.10483090727157503,0.0,0.00017439493958943905,0.0
D2019_E02_GZ_M8_CULTURAL_PARK,2019,Guangzhou Line 8 Cultural Park extension,D_equal_city,coverage,baseline_uncovered,38250058.61750648,33127613.15394716,0.895169092728425,0.00017439493958943905,0.00017439493958943905,1.0
D2019_E02_GZ_M8_CULTURAL_PARK,2019,Guangzhou Line 8 Cultural Park extension,D_equal_city,cross_city_opportunity,baseline_covered,38250058.61750648,5122445.463559325,0.10483090727157503,128.84968766367643,143.2354264215662,0.899565777005822
D2019_E02_GZ_M8_CULTURAL_PARK,2019,Guangzhou Line 8 Cultural Park extension,D_equal_city,cross_city_opportunity,baseline_uncovered,38250058.61750648,33127613.15394716,0.895169092728425,14.385738757889746,143.2354264215662,0.10043422299417794
D2019_E02_GZ_M8_CULTURAL_PARK,2019,Guangzhou Line 8 Cultural Park extension,D_equal_city,total_opportunity,baseline_covered,38250058.61750648,5122445.463559325,0.10483090727157503,1176.9360918444013,1472.6605655318197,0.7991903357712143
D2019_E02_GZ_M8_CULTURAL_PARK,2019,Guangzhou Line 8 Cultural Park extension,D_equal_city,total_opportunity,baseline_uncovered,38250058.61750648,33127613.15394716,0.895169092728425,295.7244736874179,1472.6605655318197,0.2008096642287854
D2019_E02_GZ_M8_CULTURAL_PARK,2019,Guangzhou Line 8 Cultural Park extension,Dongguan,coverage,baseline_covered,10532289.192640668,303789.0819543783,0.0288435948157071,0.0,0.0,
D2019_E02_GZ_M8_CULTURAL_PARK,2019,Guangzhou Line 8 Cultural Park extension,Dongguan,coverage,baseline_uncovered,10532289.192640668,10228500.110686291,0.971156405184293,0.0,0.0,
D2019_E02_GZ_M8_CULTURAL_PARK,2019,Guangzhou Line 8 Cultural Park extension,Dongguan,cross_city_opportunity,baseline_covered,10532289.192640668,303789.0819543783,0.0288435948157071,0.0,0.0,
D2019_E02_GZ_M8_CULTURAL_PARK,2019,Guangzhou Line 8 Cultural Park extension,Dongguan,cross_city_opportunity,baseline_uncovered,10532289.192640668,10228500.110686291,0.971156405184293,0.0,0.0,
D2019_E02_GZ_M8_CULTURAL_PARK,2019,Guangzhou Line 8 Cultural Park extension,Dongguan,total_opportunity,baseline_covered,10532289.192640668,303789.0819543783,0.0288435948157071,0.0,0.0,
D2019_E02_GZ_M8_CULTURAL_PARK,2019,Guangzhou Line 8 Cultural Park extension,Dongguan,total_opportunity,baseline_uncovered,10532289.192640668,10228500.110686291,0.971156405184293,0.0,0.0,
D2019_E02_GZ_M8_CULTURAL_PARK,2019,Guangzhou Line 8 Cultural Park extension,Foshan,coverage,baseline_covered,9678873.784230271,386851.08173624065,0.03996860485633511,0.0,0.0,
D2019_E02_GZ_M8_CULTURAL_PARK,2019,Guangzhou Line 8 Cultural Park extension,Foshan,coverage,baseline_uncovered,9678873.784230271,9292022.70249403,0.9600313951436649,0.0,0.0,
D2019_E02_GZ_M8_CULTURAL_PARK,2019,Guangzhou Line 8 Cultural Park extension,Foshan,cross_city_opportunity,baseline_covered,9678873.784230271,386851.08173624065,0.03996860485633511,325.3297775870174,325.3297775870174,1.0
D2019_E02_GZ_M8_CULTURAL_PARK,2019,Guangzhou Line 8 Cultural Park extension,Foshan,cross_city_opportunity,baseline_uncovered,9678873.784230271,9292022.70249403,0.9600313951436649,0.0,325.3297775870174,0.0
D2019_E02_GZ_M8_CULTURAL_PARK,2019,Guangzhou Line 8 Cultural Park extension,Foshan,total_opportunity,baseline_covered,9678873.784230271,386851.08173624065,0.03996860485633511,325.3297775870173,325.32977758701736,0.9999999999999998
D2019_E02_GZ_M8_CULTURAL_PARK,2019,Guangzhou Line 8 Cultural Park extension,Foshan,total_opportunity,baseline_uncovered,9678873.784230271,9292022.70249403,0.9600313951436649,0.0,325.32977758701736,0.0
D2019_E02_GZ_M8_CULTURAL_PARK,2019,Guangzhou Line 8 Cultural Park extension,Guangzhou,coverage,baseline_covered,18038895.640635543,4431805.299868706,0.24568052214268285,0.0,0.0005231848187683171,0.0
D2019_E02_GZ_M8_CULTURAL_PARK,2019,Guangzhou Line 8 Cultural Park extension,Guangzhou,coverage,baseline_uncovered,18038895.640635543,13607090.340766836,0.7543194778573171,0.0005231848187683171,0.0005231848187683171,1.0
D2019_E02_GZ_M8_CULTURAL_PARK,2019,Guangzhou Line 8 Cultural Park extension,Guangzhou,cross_city_opportunity,baseline_covered,18038895.640635543,4431805.299868706,0.24568052214268285,61.2192854040119,104.37650167768113,0.5865236372173072
D2019_E02_GZ_M8_CULTURAL_PARK,2019,Guangzhou Line 8 Cultural Park extension,Guangzhou,cross_city_opportunity,baseline_uncovered,18038895.640635543,13607090.340766836,0.7543194778573171,43.157216273669235,104.37650167768113,0.41347636278269284
D2019_E02_GZ_M8_CULTURAL_PARK,2019,Guangzhou Line 8 Cultural Park extension,Guangzhou,total_opportunity,baseline_covered,18038895.640635543,4431805.299868706,0.24568052214268285,3205.4784979461865,4092.6519190084414,0.7832277362895799
D2019_E02_GZ_M8_CULTURAL_PARK,2019,Guangzhou Line 8 Cultural Park extension,Guangzhou,total_opportunity,baseline_uncovered,18038895.640635543,13607090.340766836,0.7543194778573171,887.1734210622537,4092.6519190084414,0.21677226371041985
D2019_E03_FS_TRAM_GM1,2019,Foshan Gaoming Tram demonstration line,D_equal_city,coverage,baseline_covered,38250058.61750648,5122445.463559325,0.10483090727157503,0.0,0.0019690004671610085,0.0
D2019_E03_FS_TRAM_GM1,2019,Foshan Gaoming Tram demonstration line,D_equal_city,coverage,baseline_uncovered,38250058.61750648,33127613.15394716,0.895169092728425,0.001969000467161009,0.0019690004671610085,1.0000000000000002
D2019_E03_FS_TRAM_GM1,2019,Foshan Gaoming Tram demonstration line,D_equal_city,cross_city_opportunity,baseline_covered,38250058.61750648,5122445.463559325,0.10483090727157503,0.0,0.0,
D2019_E03_FS_TRAM_GM1,2019,Foshan Gaoming Tram demonstration line,D_equal_city,cross_city_opportunity,baseline_uncovered,38250058.61750648,33127613.15394716,0.895169092728425,0.0,0.0,
D2019_E03_FS_TRAM_GM1,2019,Foshan Gaoming Tram demonstration line,D_equal_city,total_opportunity,baseline_covered,38250058.61750648,5122445.463559325,0.10483090727157503,0.0,54.06562635992301,0.0
D2019_E03_FS_TRAM_GM1,2019,Foshan Gaoming Tram demonstration line,D_equal_city,total_opportunity,baseline_uncovered,38250058.61750648,33127613.15394716,0.895169092728425,54.065626359923016,54.06562635992301,1.0000000000000002
D2019_E03_FS_TRAM_GM1,2019,Foshan Gaoming Tram demonstration line,Dongguan,coverage,baseline_covered,10532289.192640668,303789.0819543783,0.0288435948157071,0.0,0.0,
D2019_E03_FS_TRAM_GM1,2019,Foshan Gaoming Tram demonstration line,Dongguan,coverage,baseline_uncovered,10532289.192640668,10228500.110686291,0.971156405184293,0.0,0.0,
D2019_E03_FS_TRAM_GM1,2019,Foshan Gaoming Tram demonstration line,Dongguan,cross_city_opportunity,baseline_covered,10532289.192640668,303789.0819543783,0.0288435948157071,0.0,0.0,
D2019_E03_FS_TRAM_GM1,2019,Foshan Gaoming Tram demonstration line,Dongguan,cross_city_opportunity,baseline_uncovered,10532289.192640668,10228500.110686291,0.971156405184293,0.0,0.0,
D2019_E03_FS_TRAM_GM1,2019,Foshan Gaoming Tram demonstration line,Dongguan,total_opportunity,baseline_covered,10532289.192640668,303789.0819543783,0.0288435948157071,0.0,0.0,
D2019_E03_FS_TRAM_GM1,2019,Foshan Gaoming Tram demonstration line,Dongguan,total_opportunity,baseline_uncovered,10532289.192640668,10228500.110686291,0.971156405184293,0.0,0.0,
D2019_E03_FS_TRAM_GM1,2019,Foshan Gaoming Tram demonstration line,Foshan,coverage,baseline_covered,9678873.784230271,386851.08173624065,0.03996860485633511,0.0,0.005907001401483026,0.0
D2019_E03_FS_TRAM_GM1,2019,Foshan Gaoming Tram demonstration line,Foshan,coverage,baseline_uncovered,9678873.784230271,9292022.70249403,0.9600313951436649,0.005907001401483027,0.005907001401483026,1.0000000000000002
D2019_E03_FS_TRAM_GM1,2019,Foshan Gaoming Tram demonstration line,Foshan,cross_city_opportunity,baseline_covered,9678873.784230271,386851.08173624065,0.03996860485633511,0.0,0.0,
D2019_E03_FS_TRAM_GM1,2019,Foshan Gaoming Tram demonstration line,Foshan,cross_city_opportunity,baseline_uncovered,9678873.784230271,9292022.70249403,0.9600313951436649,0.0,0.0,
D2019_E03_FS_TRAM_GM1,2019,Foshan Gaoming Tram demonstration line,Foshan,total_opportunity,baseline_covered,9678873.784230271,386851.08173624065,0.03996860485633511,0.0,162.19687907976902,0.0
D2019_E03_FS_TRAM_GM1,2019,Foshan Gaoming Tram demonstration line,Foshan,total_opportunity,baseline_uncovered,9678873.784230271,9292022.70249403,0.9600313951436649,162.19687907976905,162.19687907976902,1.0000000000000002
D2019_E03_FS_TRAM_GM1,2019,Foshan Gaoming Tram demonstration line,Guangzhou,coverage,baseline_covered,18038895.640635543,4431805.299868706,0.24568052214268285,0.0,0.0,
D2019_E03_FS_TRAM_GM1,2019,Foshan Gaoming Tram demonstration line,Guangzhou,coverage,baseline_uncovered,18038895.640635543,13607090.340766836,0.7543194778573171,0.0,0.0,
D2019_E03_FS_TRAM_GM1,2019,Foshan Gaoming Tram demonstration line,Guangzhou,cross_city_opportunity,baseline_covered,18038895.640635543,4431805.299868706,0.24568052214268285,0.0,0.0,
D2019_E03_FS_TRAM_GM1,2019,Foshan Gaoming Tram demonstration line,Guangzhou,cross_city_opportunity,baseline_uncovered,18038895.640635543,13607090.340766836,0.7543194778573171,0.0,0.0,
D2019_E03_FS_TRAM_GM1,2019,Foshan Gaoming Tram demonstration line,Guangzhou,total_opportunity,baseline_covered,18038895.640635543,4431805.299868706,0.24568052214268285,0.0,0.0,
D2019_E03_FS_TRAM_GM1,2019,Foshan Gaoming Tram demonstration line,Guangzhou,total_opportunity,baseline_uncovered,18038895.640635543,13607090.340766836,0.7543194778573171,0.0,0.0,
D2020_E01_GZ_TRAM_HP1_FIRST,2020,Huangpu Tram 1 first section,D_equal_city,coverage,baseline_covered,38250058.61750648,5337447.433666731,0.10971636212787735,0.0,0.0004701497734965958,0.0
D2020_E01_GZ_TRAM_HP1_FIRST,2020,Huangpu Tram 1 first section,D_equal_city,coverage,baseline_uncovered,38250058.61750648,32912611.183839753,0.8902836378721227,0.0004701497734965958,0.0004701497734965958,1.0
D2020_E01_GZ_TRAM_HP1_FIRST,2020,Huangpu Tram 1 first section,D_equal_city,cross_city_opportunity,baseline_covered,38250058.61750648,5337447.433666731,0.10971636212787735,0.4607444411068711,0.513523676784184,0.8972214173106294
D2020_E01_GZ_TRAM_HP1_FIRST,2020,Huangpu Tram 1 first section,D_equal_city,cross_city_opportunity,baseline_uncovered,38250058.61750648,32912611.183839753,0.8902836378721227,0.052779235677312825,0.513523676784184,0.1027785826893705
D2020_E01_GZ_TRAM_HP1_FIRST,2020,Huangpu Tram 1 first section,D_equal_city,total_opportunity,baseline_covered,38250058.61750648,5337447.433666731,0.10971636212787735,136.05254059980007,272.4594138663504,0.49934975146991234
D2020_E01_GZ_TRAM_HP1_FIRST,2020,Huangpu Tram 1 first section,D_equal_city,total_opportunity,baseline_uncovered,38250058.61750648,32912611.183839753,0.8902836378721227,136.40687326655032,272.4594138663504,0.5006502485300875
D2020_E01_GZ_TRAM_HP1_FIRST,2020,Huangpu Tram 1 first section,Dongguan,coverage,baseline_covered,10532289.192640668,303789.0819543783,0.0288435948157071,0.0,0.0,
D2020_E01_GZ_TRAM_HP1_FIRST,2020,Huangpu Tram 1 first section,Dongguan,coverage,baseline_uncovered,10532289.192640668,10228500.110686291,0.971156405184293,0.0,0.0,
D2020_E01_GZ_TRAM_HP1_FIRST,2020,Huangpu Tram 1 first section,Dongguan,cross_city_opportunity,baseline_covered,10532289.192640668,303789.0819543783,0.0288435948157071,0.0,0.0,
D2020_E01_GZ_TRAM_HP1_FIRST,2020,Huangpu Tram 1 first section,Dongguan,cross_city_opportunity,baseline_uncovered,10532289.192640668,10228500.110686291,0.971156405184293,0.0,0.0,
D2020_E01_GZ_TRAM_HP1_FIRST,2020,Huangpu Tram 1 first section,Dongguan,total_opportunity,baseline_covered,10532289.192640668,303789.0819543783,0.0288435948157071,0.0,0.0,
D2020_E01_GZ_TRAM_HP1_FIRST,2020,Huangpu Tram 1 first section,Dongguan,total_opportunity,baseline_uncovered,10532289.192640668,10228500.110686291,0.971156405184293,0.0,0.0,
D2020_E01_GZ_TRAM_HP1_FIRST,2020,Huangpu Tram 1 first section,Foshan,coverage,baseline_covered,9678873.784230271,444024.2027444662,0.04587560625781814,0.0,0.0,
D2020_E01_GZ_TRAM_HP1_FIRST,2020,Huangpu Tram 1 first section,Foshan,coverage,baseline_uncovered,9678873.784230271,9234849.581485806,0.9541243937421819,0.0,0.0,
D2020_E01_GZ_TRAM_HP1_FIRST,2020,Huangpu Tram 1 first section,Foshan,cross_city_opportunity,baseline_covered,9678873.784230271,444024.2027444662,0.04587560625781814,1.3822333233206134,1.3822333233206134,1.0
D2020_E01_GZ_TRAM_HP1_FIRST,2020,Huangpu Tram 1 first section,Foshan,cross_city_opportunity,baseline_uncovered,9678873.784230271,9234849.581485806,0.9541243937421819,0.0,1.3822333233206134,0.0
D2020_E01_GZ_TRAM_HP1_FIRST,2020,Huangpu Tram 1 first section,Foshan,total_opportunity,baseline_covered,9678873.784230271,444024.2027444662,0.04587560625781814,1.3822333233210449,1.382233323321045,0.9999999999999999
D2020_E01_GZ_TRAM_HP1_FIRST,2020,Huangpu Tram 1 first section,Foshan,total_opportunity,baseline_uncovered,9678873.784230271,9234849.581485806,0.9541243937421819,0.0,1.382233323321045,0.0
D2020_E01_GZ_TRAM_HP1_FIRST,2020,Huangpu Tram 1 first section,Guangzhou,coverage,baseline_covered,18038895.640635543,4589634.148967886,0.2544298853101068,0.0,0.0014104493204897875,0.0
D2020_E01_GZ_TRAM_HP1_FIRST,2020,Huangpu Tram 1 first section,Guangzhou,coverage,baseline_uncovered,18038895.640635543,13449261.491667656,0.7455701146898932,0.0014104493204897875,0.0014104493204897875,1.0
D2020_E01_GZ_TRAM_HP1_FIRST,2020,Huangpu Tram 1 first section,Guangzhou,cross_city_opportunity,baseline_covered,18038895.640635543,4589634.148967886,0.2544298853101068,0.0,0.15833770703193847,0.0
D2020_E01_GZ_TRAM_HP1_FIRST,2020,Huangpu Tram 1 first section,Guangzhou,cross_city_opportunity,baseline_uncovered,18038895.640635543,13449261.491667656,0.7455701146898932,0.15833770703193847,0.15833770703193847,1.0
D2020_E01_GZ_TRAM_HP1_FIRST,2020,Huangpu Tram 1 first section,Guangzhou,total_opportunity,baseline_covered,18038895.640635543,4589634.148967886,0.2544298853101068,406.7753884760792,815.9960082757302,0.49850168916344406
D2020_E01_GZ_TRAM_HP1_FIRST,2020,Huangpu Tram 1 first section,Guangzhou,total_opportunity,baseline_uncovered,18038895.640635543,13449261.491667656,0.7455701146898932,409.220619799651,815.9960082757302,0.5014983108365559
D2020_E02_GZ_M8_NORTH,2020,Guangzhou Line 8 northern extension,D_equal_city,coverage,baseline_covered,38250058.61750648,5337447.433666731,0.10971636212787735,0.0,0.003953836255274401,0.0
D2020_E02_GZ_M8_NORTH,2020,Guangzhou Line 8 northern extension,D_equal_city,coverage,baseline_uncovered,38250058.61750648,32912611.183839753,0.8902836378721227,0.0039538362552744,0.003953836255274401,0.9999999999999998
D2020_E02_GZ_M8_NORTH,2020,Guangzhou Line 8 northern extension,D_equal_city,cross_city_opportunity,baseline_covered,38250058.61750648,5337447.433666731,0.10971636212787735,452.77962507661783,648.8613777282908,0.6978064046003648
D2020_E02_GZ_M8_NORTH,2020,Guangzhou Line 8 northern extension,D_equal_city,cross_city_opportunity,baseline_uncovered,38250058.61750648,32912611.183839753,0.8902836378721227,196.081752651673,648.8613777282908,0.30219359539963525
D2020_E02_GZ_M8_NORTH,2020,Guangzhou Line 8 northern extension,D_equal_city,total_opportunity,baseline_covered,38250058.61750648,5337447.433666731,0.10971636212787735,4919.068621172858,9727.818445167293,0.5056702742655127
D2020_E02_GZ_M8_NORTH,2020,Guangzhou Line 8 northern extension,D_equal_city,total_opportunity,baseline_uncovered,38250058.61750648,32912611.183839753,0.8902836378721227,4808.749823994437,9727.818445167293,0.4943297257344875
D2020_E02_GZ_M8_NORTH,2020,Guangzhou Line 8 northern extension,Dongguan,coverage,baseline_covered,10532289.192640668,303789.0819543783,0.0288435948157071,0.0,0.0,
D2020_E02_GZ_M8_NORTH,2020,Guangzhou Line 8 northern extension,Dongguan,coverage,baseline_uncovered,10532289.192640668,10228500.110686291,0.971156405184293,0.0,0.0,
D2020_E02_GZ_M8_NORTH,2020,Guangzhou Line 8 northern extension,Dongguan,cross_city_opportunity,baseline_covered,10532289.192640668,303789.0819543783,0.0288435948157071,0.0,0.0,
D2020_E02_GZ_M8_NORTH,2020,Guangzhou Line 8 northern extension,Dongguan,cross_city_opportunity,baseline_uncovered,10532289.192640668,10228500.110686291,0.971156405184293,0.0,0.0,
D2020_E02_GZ_M8_NORTH,2020,Guangzhou Line 8 northern extension,Dongguan,total_opportunity,baseline_covered,10532289.192640668,303789.0819543783,0.0288435948157071,0.0,0.0,
D2020_E02_GZ_M8_NORTH,2020,Guangzhou Line 8 northern extension,Dongguan,total_opportunity,baseline_uncovered,10532289.192640668,10228500.110686291,0.971156405184293,0.0,0.0,
D2020_E02_GZ_M8_NORTH,2020,Guangzhou Line 8 northern extension,Foshan,coverage,baseline_covered,9678873.784230271,444024.2027444662,0.04587560625781814,0.0,0.0,
D2020_E02_GZ_M8_NORTH,2020,Guangzhou Line 8 northern extension,Foshan,coverage,baseline_uncovered,9678873.784230271,9234849.581485806,0.9541243937421819,0.0,0.0,
D2020_E02_GZ_M8_NORTH,2020,Guangzhou Line 8 northern extension,Foshan,cross_city_opportunity,baseline_covered,9678873.784230271,444024.2027444662,0.04587560625781814,1345.0428710023682,1345.042871002368,1.0000000000000002
D2020_E02_GZ_M8_NORTH,2020,Guangzhou Line 8 northern extension,Foshan,cross_city_opportunity,baseline_uncovered,9678873.784230271,9234849.581485806,0.9541243937421819,0.0,1345.042871002368,0.0
D2020_E02_GZ_M8_NORTH,2020,Guangzhou Line 8 northern extension,Foshan,total_opportunity,baseline_covered,9678873.784230271,444024.2027444662,0.04587560625781814,1345.0428710023677,1345.0428710023675,1.0000000000000002
D2020_E02_GZ_M8_NORTH,2020,Guangzhou Line 8 northern extension,Foshan,total_opportunity,baseline_uncovered,9678873.784230271,9234849.581485806,0.9541243937421819,0.0,1345.0428710023675,0.0
D2020_E02_GZ_M8_NORTH,2020,Guangzhou Line 8 northern extension,Guangzhou,coverage,baseline_covered,18038895.640635543,4589634.148967886,0.2544298853101068,0.0,0.011861508765823203,0.0
D2020_E02_GZ_M8_NORTH,2020,Guangzhou Line 8 northern extension,Guangzhou,coverage,baseline_uncovered,18038895.640635543,13449261.491667656,0.7455701146898932,0.011861508765823202,0.011861508765823203,0.9999999999999999
D2020_E02_GZ_M8_NORTH,2020,Guangzhou Line 8 northern extension,Guangzhou,cross_city_opportunity,baseline_covered,18038895.640635543,4589634.148967886,0.2544298853101068,13.296004227485273,601.5412621825043,0.022103228927712923
D2020_E02_GZ_M8_NORTH,2020,Guangzhou Line 8 northern extension,Guangzhou,cross_city_opportunity,baseline_uncovered,18038895.640635543,13449261.491667656,0.7455701146898932,588.245257955019,601.5412621825043,0.9778967710722871
D2020_E02_GZ_M8_NORTH,2020,Guangzhou Line 8 northern extension,Guangzhou,total_opportunity,baseline_covered,18038895.640635543,4589634.148967886,0.2544298853101068,13412.162992516205,27838.412464499514,0.4817862013367267
D2020_E02_GZ_M8_NORTH,2020,Guangzhou Line 8 northern extension,Guangzhou,total_opportunity,baseline_uncovered,18038895.640635543,13449261.491667656,0.7455701146898932,14426.24947198331,27838.412464499514,0.5182137986632733
D2020_E03_LOCAL_INTERCITY,2020,Guangqing-Guangzhou East Ring through-running local intercity,D_equal_city,coverage,baseline_covered,38250058.61750648,5337447.433666731,0.10971636212787735,0.0,0.00048708132951524375,0.0
D2020_E03_LOCAL_INTERCITY,2020,Guangqing-Guangzhou East Ring through-running local intercity,D_equal_city,coverage,baseline_uncovered,38250058.61750648,32912611.183839753,0.8902836378721227,0.00048708132951524375,0.00048708132951524375,1.0
D2020_E03_LOCAL_INTERCITY,2020,Guangqing-Guangzhou East Ring through-running local intercity,D_equal_city,cross_city_opportunity,baseline_covered,38250058.61750648,5337447.433666731,0.10971636212787735,0.0,0.0,
D2020_E03_LOCAL_INTERCITY,2020,Guangqing-Guangzhou East Ring through-running local intercity,D_equal_city,cross_city_opportunity,baseline_uncovered,38250058.61750648,32912611.183839753,0.8902836378721227,0.0,0.0,
D2020_E03_LOCAL_INTERCITY,2020,Guangqing-Guangzhou East Ring through-running local intercity,D_equal_city,total_opportunity,baseline_covered,38250058.61750648,5337447.433666731,0.10971636212787735,54.015695598290144,107.06710822666923,0.5045031708891847
D2020_E03_LOCAL_INTERCITY,2020,Guangqing-Guangzhou East Ring through-running local intercity,D_equal_city,total_opportunity,baseline_uncovered,38250058.61750648,32912611.183839753,0.8902836378721227,53.0514126283791,107.06710822666923,0.49549682911081533
D2020_E03_LOCAL_INTERCITY,2020,Guangqing-Guangzhou East Ring through-running local intercity,Dongguan,coverage,baseline_covered,10532289.192640668,303789.0819543783,0.0288435948157071,0.0,0.0,
D2020_E03_LOCAL_INTERCITY,2020,Guangqing-Guangzhou East Ring through-running local intercity,Dongguan,coverage,baseline_uncovered,10532289.192640668,10228500.110686291,0.971156405184293,0.0,0.0,
D2020_E03_LOCAL_INTERCITY,2020,Guangqing-Guangzhou East Ring through-running local intercity,Dongguan,cross_city_opportunity,baseline_covered,10532289.192640668,303789.0819543783,0.0288435948157071,0.0,0.0,
D2020_E03_LOCAL_INTERCITY,2020,Guangqing-Guangzhou East Ring through-running local intercity,Dongguan,cross_city_opportunity,baseline_uncovered,10532289.192640668,10228500.110686291,0.971156405184293,0.0,0.0,
D2020_E03_LOCAL_INTERCITY,2020,Guangqing-Guangzhou East Ring through-running local intercity,Dongguan,total_opportunity,baseline_covered,10532289.192640668,303789.0819543783,0.0288435948157071,0.0,0.0,
D2020_E03_LOCAL_INTERCITY,2020,Guangqing-Guangzhou East Ring through-running local intercity,Dongguan,total_opportunity,baseline_uncovered,10532289.192640668,10228500.110686291,0.971156405184293,0.0,0.0,
D2020_E03_LOCAL_INTERCITY,2020,Guangqing-Guangzhou East Ring through-running local intercity,Foshan,coverage,baseline_covered,9678873.784230271,444024.2027444662,0.04587560625781814,0.0,0.0,
D2020_E03_LOCAL_INTERCITY,2020,Guangqing-Guangzhou East Ring through-running local intercity,Foshan,coverage,baseline_uncovered,9678873.784230271,9234849.581485806,0.9541243937421819,0.0,0.0,
D2020_E03_LOCAL_INTERCITY,2020,Guangqing-Guangzhou East Ring through-running local intercity,Foshan,cross_city_opportunity,baseline_covered,9678873.784230271,444024.2027444662,0.04587560625781814,0.0,0.0,
D2020_E03_LOCAL_INTERCITY,2020,Guangqing-Guangzhou East Ring through-running local intercity,Foshan,cross_city_opportunity,baseline_uncovered,9678873.784230271,9234849.581485806,0.9541243937421819,0.0,0.0,
D2020_E03_LOCAL_INTERCITY,2020,Guangqing-Guangzhou East Ring through-running local intercity,Foshan,total_opportunity,baseline_covered,9678873.784230271,444024.2027444662,0.04587560625781814,0.0,0.0,
D2020_E03_LOCAL_INTERCITY,2020,Guangqing-Guangzhou East Ring through-running local intercity,Foshan,total_opportunity,baseline_uncovered,9678873.784230271,9234849.581485806,0.9541243937421819,0.0,0.0,
D2020_E03_LOCAL_INTERCITY,2020,Guangqing-Guangzhou East Ring through-running local intercity,Guangzhou,coverage,baseline_covered,18038895.640635543,4589634.148967886,0.2544298853101068,0.0,0.0014612439885457313,0.0
D2020_E03_LOCAL_INTERCITY,2020,Guangqing-Guangzhou East Ring through-running local intercity,Guangzhou,coverage,baseline_uncovered,18038895.640635543,13449261.491667656,0.7455701146898932,0.0014612439885457313,0.0014612439885457313,1.0
D2020_E03_LOCAL_INTERCITY,2020,Guangqing-Guangzhou East Ring through-running local intercity,Guangzhou,cross_city_opportunity,baseline_covered,18038895.640635543,4589634.148967886,0.2544298853101068,0.0,0.0,
D2020_E03_LOCAL_INTERCITY,2020,Guangqing-Guangzhou East Ring through-running local intercity,Guangzhou,cross_city_opportunity,baseline_uncovered,18038895.640635543,13449261.491667656,0.7455701146898932,0.0,0.0,
D2020_E03_LOCAL_INTERCITY,2020,Guangqing-Guangzhou East Ring through-running local intercity,Guangzhou,total_opportunity,baseline_covered,18038895.640635543,4589634.148967886,0.2544298853101068,162.04708679487044,321.2013246800077,0.5045031708891847
D2020_E03_LOCAL_INTERCITY,2020,Guangqing-Guangzhou East Ring through-running local intercity,Guangzhou,total_opportunity,baseline_uncovered,18038895.640635543,13449261.491667656,0.7455701146898932,159.1542378851373,321.2013246800077,0.49549682911081533
D2020_E04_GZ_TRAM_HP1_FULL,2020,Huangpu Tram 1 completion to Xiangxue,D_equal_city,coverage,baseline_covered,38250058.61750648,5337447.433666731,0.10971636212787735,0.0,0.00023128590975950936,0.0
D2020_E04_GZ_TRAM_HP1_FULL,2020,Huangpu Tram 1 completion to Xiangxue,D_equal_city,coverage,baseline_uncovered,38250058.61750648,32912611.183839753,0.8902836378721227,0.00023128590975950936,0.00023128590975950936,1.0
D2020_E04_GZ_TRAM_HP1_FULL,2020,Huangpu Tram 1 completion to Xiangxue,D_equal_city,cross_city_opportunity,baseline_covered,38250058.61750648,5337447.433666731,0.10971636212787735,3.265556435351827,3.769618912978428,0.8662829083621256
D2020_E04_GZ_TRAM_HP1_FULL,2020,Huangpu Tram 1 completion to Xiangxue,D_equal_city,cross_city_opportunity,baseline_uncovered,38250058.61750648,32912611.183839753,0.8902836378721227,0.5040624776266011,3.769618912978428,0.13371709163787443
D2020_E04_GZ_TRAM_HP1_FULL,2020,Huangpu Tram 1 completion to Xiangxue,D_equal_city,total_opportunity,baseline_covered,38250058.61750648,5337447.433666731,0.10971636212787735,169.7214322056054,303.3585633269533,0.5594746703183826
D2020_E04_GZ_TRAM_HP1_FULL,2020,Huangpu Tram 1 completion to Xiangxue,D_equal_city,total_opportunity,baseline_uncovered,38250058.61750648,32912611.183839753,0.8902836378721227,133.63713112134786,303.3585633269533,0.4405253296816173
D2020_E04_GZ_TRAM_HP1_FULL,2020,Huangpu Tram 1 completion to Xiangxue,Dongguan,coverage,baseline_covered,10532289.192640668,303789.0819543783,0.0288435948157071,0.0,0.0,
D2020_E04_GZ_TRAM_HP1_FULL,2020,Huangpu Tram 1 completion to Xiangxue,Dongguan,coverage,baseline_uncovered,10532289.192640668,10228500.110686291,0.971156405184293,0.0,0.0,
D2020_E04_GZ_TRAM_HP1_FULL,2020,Huangpu Tram 1 completion to Xiangxue,Dongguan,cross_city_opportunity,baseline_covered,10532289.192640668,303789.0819543783,0.0288435948157071,0.0,0.0,
D2020_E04_GZ_TRAM_HP1_FULL,2020,Huangpu Tram 1 completion to Xiangxue,Dongguan,cross_city_opportunity,baseline_uncovered,10532289.192640668,10228500.110686291,0.971156405184293,0.0,0.0,
D2020_E04_GZ_TRAM_HP1_FULL,2020,Huangpu Tram 1 completion to Xiangxue,Dongguan,total_opportunity,baseline_covered,10532289.192640668,303789.0819543783,0.0288435948157071,0.0,0.0,
D2020_E04_GZ_TRAM_HP1_FULL,2020,Huangpu Tram 1 completion to Xiangxue,Dongguan,total_opportunity,baseline_uncovered,10532289.192640668,10228500.110686291,0.971156405184293,0.0,0.0,
D2020_E04_GZ_TRAM_HP1_FULL,2020,Huangpu Tram 1 completion to Xiangxue,Foshan,coverage,baseline_covered,9678873.784230271,444024.2027444662,0.04587560625781814,0.0,0.0,
D2020_E04_GZ_TRAM_HP1_FULL,2020,Huangpu Tram 1 completion to Xiangxue,Foshan,coverage,baseline_uncovered,9678873.784230271,9234849.581485806,0.9541243937421819,0.0,0.0,
D2020_E04_GZ_TRAM_HP1_FULL,2020,Huangpu Tram 1 completion to Xiangxue,Foshan,cross_city_opportunity,baseline_covered,9678873.784230271,444024.2027444662,0.04587560625781814,9.796669306055481,9.796669306055481,1.0
D2020_E04_GZ_TRAM_HP1_FULL,2020,Huangpu Tram 1 completion to Xiangxue,Foshan,cross_city_opportunity,baseline_uncovered,9678873.784230271,9234849.581485806,0.9541243937421819,0.0,9.796669306055481,0.0
D2020_E04_GZ_TRAM_HP1_FULL,2020,Huangpu Tram 1 completion to Xiangxue,Foshan,total_opportunity,baseline_covered,9678873.784230271,444024.2027444662,0.04587560625781814,9.796669306055438,9.796669306055438,1.0
D2020_E04_GZ_TRAM_HP1_FULL,2020,Huangpu Tram 1 completion to Xiangxue,Foshan,total_opportunity,baseline_uncovered,9678873.784230271,9234849.581485806,0.9541243937421819,0.0,9.796669306055438,0.0
D2020_E04_GZ_TRAM_HP1_FULL,2020,Huangpu Tram 1 completion to Xiangxue,Guangzhou,coverage,baseline_covered,18038895.640635543,4589634.148967886,0.2544298853101068,0.0,0.0006938577292785281,0.0
D2020_E04_GZ_TRAM_HP1_FULL,2020,Huangpu Tram 1 completion to Xiangxue,Guangzhou,coverage,baseline_uncovered,18038895.640635543,13449261.491667656,0.7455701146898932,0.0006938577292785281,0.0006938577292785281,1.0
D2020_E04_GZ_TRAM_HP1_FULL,2020,Huangpu Tram 1 completion to Xiangxue,Guangzhou,cross_city_opportunity,baseline_covered,18038895.640635543,4589634.148967886,0.2544298853101068,0.0,1.512187432879803,0.0
D2020_E04_GZ_TRAM_HP1_FULL,2020,Huangpu Tram 1 completion to Xiangxue,Guangzhou,cross_city_opportunity,baseline_uncovered,18038895.640635543,13449261.491667656,0.7455701146898932,1.512187432879803,1.512187432879803,1.0
D2020_E04_GZ_TRAM_HP1_FULL,2020,Huangpu Tram 1 completion to Xiangxue,Guangzhou,total_opportunity,baseline_covered,18038895.640635543,4589634.148967886,0.2544298853101068,499.3676273107607,900.2790206748044,0.5546809553958723
D2020_E04_GZ_TRAM_HP1_FULL,2020,Huangpu Tram 1 completion to Xiangxue,Guangzhou,total_opportunity,baseline_uncovered,18038895.640635543,13449261.491667656,0.7455701146898932,400.9113933640436,900.2790206748044,0.44531904460412763
D2021_E01_FS_TRAM_NH1_FIRST,2021,Nanhai Tram 1 first section,D_equal_city,coverage,baseline_covered,38250058.61750648,5615734.555515408,0.11485871539592311,0.0,0.0034304573782756227,0.0
D2021_E01_FS_TRAM_NH1_FIRST,2021,Nanhai Tram 1 first section,D_equal_city,coverage,baseline_uncovered,38250058.61750648,32634324.061991073,0.8851412846040768,0.0034304573782756227,0.0034304573782756227,1.0
D2021_E01_FS_TRAM_NH1_FIRST,2021,Nanhai Tram 1 first section,D_equal_city,cross_city_opportunity,baseline_covered,38250058.61750648,5615734.555515408,0.11485871539592311,1002.2035773797351,2641.0118367765945,0.379477124420216
D2021_E01_FS_TRAM_NH1_FIRST,2021,Nanhai Tram 1 first section,D_equal_city,cross_city_opportunity,baseline_uncovered,38250058.61750648,32634324.061991073,0.8851412846040768,1638.8082593968595,2641.0118367765945,0.620522875579784
D2021_E01_FS_TRAM_NH1_FIRST,2021,Nanhai Tram 1 first section,D_equal_city,total_opportunity,baseline_covered,38250058.61750648,5615734.555515408,0.11485871539592311,1412.9448591396301,3669.468062516069,0.3850544098129598
D2021_E01_FS_TRAM_NH1_FIRST,2021,Nanhai Tram 1 first section,D_equal_city,total_opportunity,baseline_uncovered,38250058.61750648,32634324.061991073,0.8851412846040768,2256.5232033764387,3669.468062516069,0.6149455901870401
D2021_E01_FS_TRAM_NH1_FIRST,2021,Nanhai Tram 1 first section,Dongguan,coverage,baseline_covered,10532289.192640668,303789.0819543783,0.0288435948157071,0.0,0.0,
D2021_E01_FS_TRAM_NH1_FIRST,2021,Nanhai Tram 1 first section,Dongguan,coverage,baseline_uncovered,10532289.192640668,10228500.110686291,0.971156405184293,0.0,0.0,
D2021_E01_FS_TRAM_NH1_FIRST,2021,Nanhai Tram 1 first section,Dongguan,cross_city_opportunity,baseline_covered,10532289.192640668,303789.0819543783,0.0288435948157071,0.0,0.0,
D2021_E01_FS_TRAM_NH1_FIRST,2021,Nanhai Tram 1 first section,Dongguan,cross_city_opportunity,baseline_uncovered,10532289.192640668,10228500.110686291,0.971156405184293,0.0,0.0,
D2021_E01_FS_TRAM_NH1_FIRST,2021,Nanhai Tram 1 first section,Dongguan,total_opportunity,baseline_covered,10532289.192640668,303789.0819543783,0.0288435948157071,0.0,0.0,
D2021_E01_FS_TRAM_NH1_FIRST,2021,Nanhai Tram 1 first section,Dongguan,total_opportunity,baseline_uncovered,10532289.192640668,10228500.110686291,0.971156405184293,0.0,0.0,
D2021_E01_FS_TRAM_NH1_FIRST,2021,Nanhai Tram 1 first section,Foshan,coverage,baseline_covered,9678873.784230271,444024.2027444662,0.04587560625781814,0.0,0.010291372134826868,0.0
D2021_E01_FS_TRAM_NH1_FIRST,2021,Nanhai Tram 1 first section,Foshan,coverage,baseline_uncovered,9678873.784230271,9234849.581485806,0.9541243937421819,0.010291372134826868,0.010291372134826868,1.0
D2021_E01_FS_TRAM_NH1_FIRST,2021,Nanhai Tram 1 first section,Foshan,cross_city_opportunity,baseline_covered,9678873.784230271,444024.2027444662,0.04587560625781814,0.0,4908.889121725386,0.0
D2021_E01_FS_TRAM_NH1_FIRST,2021,Nanhai Tram 1 first section,Foshan,cross_city_opportunity,baseline_uncovered,9678873.784230271,9234849.581485806,0.9541243937421819,4908.889121725386,4908.889121725386,1.0
D2021_E01_FS_TRAM_NH1_FIRST,2021,Nanhai Tram 1 first section,Foshan,total_opportunity,baseline_covered,9678873.784230271,444024.2027444662,0.04587560625781814,1232.2238452796862,7994.2577989438105,0.15413861752650582
D2021_E01_FS_TRAM_NH1_FIRST,2021,Nanhai Tram 1 first section,Foshan,total_opportunity,baseline_uncovered,9678873.784230271,9234849.581485806,0.9541243937421819,6762.033953664123,7994.2577989438105,0.8458613824734941
D2021_E01_FS_TRAM_NH1_FIRST,2021,Nanhai Tram 1 first section,Guangzhou,coverage,baseline_covered,18038895.640635543,4867921.270816563,0.2698569451142441,0.0,0.0,
D2021_E01_FS_TRAM_NH1_FIRST,2021,Nanhai Tram 1 first section,Guangzhou,coverage,baseline_uncovered,18038895.640635543,13170974.369818978,0.7301430548857558,0.0,0.0,
D2021_E01_FS_TRAM_NH1_FIRST,2021,Nanhai Tram 1 first section,Guangzhou,cross_city_opportunity,baseline_covered,18038895.640635543,4867921.270816563,0.2698569451142441,3006.610732139205,3014.1463886043975,0.9974999036232339
D2021_E01_FS_TRAM_NH1_FIRST,2021,Nanhai Tram 1 first section,Guangzhou,cross_city_opportunity,baseline_uncovered,18038895.640635543,13170974.369818978,0.7301430548857558,7.5356564651931395,3014.1463886043975,0.002500096376766319
D2021_E01_FS_TRAM_NH1_FIRST,2021,Nanhai Tram 1 first section,Guangzhou,total_opportunity,baseline_covered,18038895.640635543,4867921.270816563,0.2698569451142441,3006.6107321392037,3014.146388604397,0.9974999036232336
D2021_E01_FS_TRAM_NH1_FIRST,2021,Nanhai Tram 1 first section,Guangzhou,total_opportunity,baseline_uncovered,18038895.640635543,13170974.369818978,0.7301430548857558,7.5356564651931555,3014.146388604397,0.0025000963767663246
D2021_E02_GZ_M18_FIRST,2021,Guangzhou Line 18 first section,D_equal_city,coverage,baseline_covered,38250058.61750648,5615734.555515408,0.11485871539592311,0.0,0.0007652720367205505,0.0
D2021_E02_GZ_M18_FIRST,2021,Guangzhou Line 18 first section,D_equal_city,coverage,baseline_uncovered,38250058.61750648,32634324.061991073,0.8851412846040768,0.0007652720367205505,0.0007652720367205505,1.0
D2021_E02_GZ_M18_FIRST,2021,Guangzhou Line 18 first section,D_equal_city,cross_city_opportunity,baseline_covered,38250058.61750648,5615734.555515408,0.11485871539592311,139.38070446796993,213.98778014879204,0.6513488965166815
D2021_E02_GZ_M18_FIRST,2021,Guangzhou Line 18 first section,D_equal_city,cross_city_opportunity,baseline_uncovered,38250058.61750648,32634324.061991073,0.8851412846040768,74.6070756808221,213.98778014879204,0.3486511034833185
D2021_E02_GZ_M18_FIRST,2021,Guangzhou Line 18 first section,D_equal_city,total_opportunity,baseline_covered,38250058.61750648,5615734.555515408,0.11485871539592311,1873.6103672064892,2656.866562569395,0.7051955087253473
D2021_E02_GZ_M18_FIRST,2021,Guangzhou Line 18 first section,D_equal_city,total_opportunity,baseline_uncovered,38250058.61750648,32634324.061991073,0.8851412846040768,783.2561953629053,2656.866562569395,0.2948044912746525
D2021_E02_GZ_M18_FIRST,2021,Guangzhou Line 18 first section,Dongguan,coverage,baseline_covered,10532289.192640668,303789.0819543783,0.0288435948157071,0.0,0.0,
D2021_E02_GZ_M18_FIRST,2021,Guangzhou Line 18 first section,Dongguan,coverage,baseline_uncovered,10532289.192640668,10228500.110686291,0.971156405184293,0.0,0.0,
D2021_E02_GZ_M18_FIRST,2021,Guangzhou Line 18 first section,Dongguan,cross_city_opportunity,baseline_covered,10532289.192640668,303789.0819543783,0.0288435948157071,0.0,0.0,
D2021_E02_GZ_M18_FIRST,2021,Guangzhou Line 18 first section,Dongguan,cross_city_opportunity,baseline_uncovered,10532289.192640668,10228500.110686291,0.971156405184293,0.0,0.0,
D2021_E02_GZ_M18_FIRST,2021,Guangzhou Line 18 first section,Dongguan,total_opportunity,baseline_covered,10532289.192640668,303789.0819543783,0.0288435948157071,0.0,0.0,
D2021_E02_GZ_M18_FIRST,2021,Guangzhou Line 18 first section,Dongguan,total_opportunity,baseline_uncovered,10532289.192640668,10228500.110686291,0.971156405184293,0.0,0.0,
D2021_E02_GZ_M18_FIRST,2021,Guangzhou Line 18 first section,Foshan,coverage,baseline_covered,9678873.784230271,444024.2027444662,0.04587560625781814,0.0,0.0,
D2021_E02_GZ_M18_FIRST,2021,Guangzhou Line 18 first section,Foshan,coverage,baseline_uncovered,9678873.784230271,9234849.581485806,0.9541243937421819,0.0,0.0,
D2021_E02_GZ_M18_FIRST,2021,Guangzhou Line 18 first section,Foshan,cross_city_opportunity,baseline_covered,9678873.784230271,444024.2027444662,0.04587560625781814,412.05886722376624,532.6301433126479,0.7736303932424875
D2021_E02_GZ_M18_FIRST,2021,Guangzhou Line 18 first section,Foshan,cross_city_opportunity,baseline_uncovered,9678873.784230271,9234849.581485806,0.9541243937421819,120.57127608888153,532.6301433126479,0.22636960675751233
D2021_E02_GZ_M18_FIRST,2021,Guangzhou Line 18 first section,Foshan,total_opportunity,baseline_covered,9678873.784230271,444024.2027444662,0.04587560625781814,412.0588672237662,532.6301433126476,0.7736303932424877
D2021_E02_GZ_M18_FIRST,2021,Guangzhou Line 18 first section,Foshan,total_opportunity,baseline_uncovered,9678873.784230271,9234849.581485806,0.9541243937421819,120.57127608888146,532.6301433126476,0.22636960675751228
D2021_E02_GZ_M18_FIRST,2021,Guangzhou Line 18 first section,Guangzhou,coverage,baseline_covered,18038895.640635543,4867921.270816563,0.2698569451142441,0.0,0.0022958161101616515,0.0
D2021_E02_GZ_M18_FIRST,2021,Guangzhou Line 18 first section,Guangzhou,coverage,baseline_uncovered,18038895.640635543,13170974.369818978,0.7301430548857558,0.0022958161101616515,0.0022958161101616515,1.0
D2021_E02_GZ_M18_FIRST,2021,Guangzhou Line 18 first section,Guangzhou,cross_city_opportunity,baseline_covered,18038895.640635543,4867921.270816563,0.2698569451142441,6.083246180143517,109.33319713372828,0.05563951608131371
D2021_E02_GZ_M18_FIRST,2021,Guangzhou Line 18 first section,Guangzhou,cross_city_opportunity,baseline_uncovered,18038895.640635543,13170974.369818978,0.7301430548857558,103.24995095358477,109.33319713372828,0.9443604839186864
D2021_E02_GZ_M18_FIRST,2021,Guangzhou Line 18 first section,Guangzhou,total_opportunity,baseline_covered,18038895.640635543,4867921.270816563,0.2698569451142441,5208.772234395701,7437.969544395537,0.7002949129202173
D2021_E02_GZ_M18_FIRST,2021,Guangzhou Line 18 first section,Guangzhou,total_opportunity,baseline_uncovered,18038895.640635543,13170974.369818978,0.7301430548857558,2229.1973099998345,7437.969544395537,0.2997050870797825
D2021_E03_FS_M2_PHASE1,2021,Foshan Metro Line 2 phase 1,D_equal_city,coverage,baseline_covered,38250058.61750648,5615734.555515408,0.11485871539592311,0.0,0.00636852855648132,0.0
D2021_E03_FS_M2_PHASE1,2021,Foshan Metro Line 2 phase 1,D_equal_city,coverage,baseline_uncovered,38250058.61750648,32634324.061991073,0.8851412846040768,0.00636852855648132,0.00636852855648132,1.0
D2021_E03_FS_M2_PHASE1,2021,Foshan Metro Line 2 phase 1,D_equal_city,cross_city_opportunity,baseline_covered,38250058.61750648,5615734.555515408,0.11485871539592311,1560.6838678654237,4396.463676205692,0.35498618499046736
D2021_E03_FS_M2_PHASE1,2021,Foshan Metro Line 2 phase 1,D_equal_city,cross_city_opportunity,baseline_uncovered,38250058.61750648,32634324.061991073,0.8851412846040768,2835.779808340268,4396.463676205692,0.6450138150095327
D2021_E03_FS_M2_PHASE1,2021,Foshan Metro Line 2 phase 1,D_equal_city,total_opportunity,baseline_covered,38250058.61750648,5615734.555515408,0.11485871539592311,2404.079874727129,6583.151501196109,0.36518677631683333
D2021_E03_FS_M2_PHASE1,2021,Foshan Metro Line 2 phase 1,D_equal_city,total_opportunity,baseline_uncovered,38250058.61750648,32634324.061991073,0.8851412846040768,4179.071626468981,6583.151501196109,0.6348132236831668
D2021_E03_FS_M2_PHASE1,2021,Foshan Metro Line 2 phase 1,Dongguan,coverage,baseline_covered,10532289.192640668,303789.0819543783,0.0288435948157071,0.0,0.0,
D2021_E03_FS_M2_PHASE1,2021,Foshan Metro Line 2 phase 1,Dongguan,coverage,baseline_uncovered,10532289.192640668,10228500.110686291,0.971156405184293,0.0,0.0,
D2021_E03_FS_M2_PHASE1,2021,Foshan Metro Line 2 phase 1,Dongguan,cross_city_opportunity,baseline_covered,10532289.192640668,303789.0819543783,0.0288435948157071,0.0,0.0,
D2021_E03_FS_M2_PHASE1,2021,Foshan Metro Line 2 phase 1,Dongguan,cross_city_opportunity,baseline_uncovered,10532289.192640668,10228500.110686291,0.971156405184293,0.0,0.0,
D2021_E03_FS_M2_PHASE1,2021,Foshan Metro Line 2 phase 1,Dongguan,total_opportunity,baseline_covered,10532289.192640668,303789.0819543783,0.0288435948157071,0.0,0.0,
D2021_E03_FS_M2_PHASE1,2021,Foshan Metro Line 2 phase 1,Dongguan,total_opportunity,baseline_uncovered,10532289.192640668,10228500.110686291,0.971156405184293,0.0,0.0,
D2021_E03_FS_M2_PHASE1,2021,Foshan Metro Line 2 phase 1,Foshan,coverage,baseline_covered,9678873.784230271,444024.2027444662,0.04587560625781814,0.0,0.018988300908391664,0.0
D2021_E03_FS_M2_PHASE1,2021,Foshan Metro Line 2 phase 1,Foshan,coverage,baseline_uncovered,9678873.784230271,9234849.581485806,0.9541243937421819,0.018988300908391664,0.018988300908391664,1.0
D2021_E03_FS_M2_PHASE1,2021,Foshan Metro Line 2 phase 1,Foshan,cross_city_opportunity,baseline_covered,9678873.784230271,444024.2027444662,0.04587560625781814,213.80263780414975,8678.227664297758,0.024636670766743553
D2021_E03_FS_M2_PHASE1,2021,Foshan Metro Line 2 phase 1,Foshan,cross_city_opportunity,baseline_uncovered,9678873.784230271,9234849.581485806,0.9541243937421819,8464.425026493607,8678.227664297758,0.9753633292332564
D2021_E03_FS_M2_PHASE1,2021,Foshan Metro Line 2 phase 1,Foshan,total_opportunity,baseline_covered,9678873.784230271,444024.2027444662,0.04587560625781814,2398.5187790102386,14796.37237213067,0.1621018124366691
D2021_E03_FS_M2_PHASE1,2021,Foshan Metro Line 2 phase 1,Foshan,total_opportunity,baseline_uncovered,9678873.784230271,9234849.581485806,0.9541243937421819,12397.853593120433,14796.37237213067,0.837898187563331
D2021_E03_FS_M2_PHASE1,2021,Foshan Metro Line 2 phase 1,Guangzhou,coverage,baseline_covered,18038895.640635543,4867921.270816563,0.2698569451142441,0.0,0.00011728476105229658,0.0
D2021_E03_FS_M2_PHASE1,2021,Foshan Metro Line 2 phase 1,Guangzhou,coverage,baseline_uncovered,18038895.640635543,13170974.369818978,0.7301430548857558,0.00011728476105229658,0.00011728476105229658,1.0
D2021_E03_FS_M2_PHASE1,2021,Foshan Metro Line 2 phase 1,Guangzhou,cross_city_opportunity,baseline_covered,18038895.640635543,4867921.270816563,0.2698569451142441,4468.248965792121,4511.163364319318,0.9904870661819466
D2021_E03_FS_M2_PHASE1,2021,Foshan Metro Line 2 phase 1,Guangzhou,cross_city_opportunity,baseline_uncovered,18038895.640635543,13170974.369818978,0.7301430548857558,42.9143985271962,4511.163364319318,0.009512933818053269
D2021_E03_FS_M2_PHASE1,2021,Foshan Metro Line 2 phase 1,Guangzhou,total_opportunity,baseline_covered,18038895.640635543,4867921.270816563,0.2698569451142441,4813.7208451711485,4953.082131457658,0.9718637239222406
D2021_E03_FS_M2_PHASE1,2021,Foshan Metro Line 2 phase 1,Guangzhou,total_opportunity,baseline_uncovered,18038895.640635543,13170974.369818978,0.7301430548857558,139.36128628650974,4953.082131457658,0.02813627607775942
D2022_E01_GZ_M22_FIRST,2022,Guangzhou Line 22 first section,D_equal_city,coverage,baseline_covered,38250058.61750648,5942658.490130404,0.1254229733674006,0.0,0.000581993797710689,0.0
D2022_E01_GZ_M22_FIRST,2022,Guangzhou Line 22 first section,D_equal_city,coverage,baseline_uncovered,38250058.61750648,32307400.12737608,0.8745770266325995,0.0005819937977106889,0.000581993797710689,0.9999999999999998
D2022_E01_GZ_M22_FIRST,2022,Guangzhou Line 22 first section,D_equal_city,cross_city_opportunity,baseline_covered,38250058.61750648,5942658.490130404,0.1254229733674006,91.81129354078956,175.54348029996876,0.5230116970673157
D2022_E01_GZ_M22_FIRST,2022,Guangzhou Line 22 first section,D_equal_city,cross_city_opportunity,baseline_uncovered,38250058.61750648,32307400.12737608,0.8745770266325995,83.73218675917921,175.54348029996876,0.4769883029326844
D2022_E01_GZ_M22_FIRST,2022,Guangzhou Line 22 first section,D_equal_city,total_opportunity,baseline_covered,38250058.61750648,5942658.490130404,0.1254229733674006,302.9224128467583,790.430269574661,0.38323736388506996
D2022_E01_GZ_M22_FIRST,2022,Guangzhou Line 22 first section,D_equal_city,total_opportunity,baseline_uncovered,38250058.61750648,32307400.12737608,0.8745770266325995,487.5078567279026,790.430269574661,0.6167626361149299
D2022_E01_GZ_M22_FIRST,2022,Guangzhou Line 22 first section,Dongguan,coverage,baseline_covered,10532289.192640668,303789.0819543783,0.0288435948157071,0.0,0.0,
D2022_E01_GZ_M22_FIRST,2022,Guangzhou Line 22 first section,Dongguan,coverage,baseline_uncovered,10532289.192640668,10228500.110686291,0.971156405184293,0.0,0.0,
D2022_E01_GZ_M22_FIRST,2022,Guangzhou Line 22 first section,Dongguan,cross_city_opportunity,baseline_covered,10532289.192640668,303789.0819543783,0.0288435948157071,0.0,0.0,
D2022_E01_GZ_M22_FIRST,2022,Guangzhou Line 22 first section,Dongguan,cross_city_opportunity,baseline_uncovered,10532289.192640668,10228500.110686291,0.971156405184293,0.0,0.0,
D2022_E01_GZ_M22_FIRST,2022,Guangzhou Line 22 first section,Dongguan,total_opportunity,baseline_covered,10532289.192640668,303789.0819543783,0.0288435948157071,0.0,0.0,
D2022_E01_GZ_M22_FIRST,2022,Guangzhou Line 22 first section,Dongguan,total_opportunity,baseline_uncovered,10532289.192640668,10228500.110686291,0.971156405184293,0.0,0.0,
D2022_E01_GZ_M22_FIRST,2022,Guangzhou Line 22 first section,Foshan,coverage,baseline_covered,9678873.784230271,727418.4625733078,0.07515527930103667,0.0,0.0,
D2022_E01_GZ_M22_FIRST,2022,Guangzhou Line 22 first section,Foshan,coverage,baseline_uncovered,9678873.784230271,8951455.321656965,0.9248447206989634,0.0,0.0,
D2022_E01_GZ_M22_FIRST,2022,Guangzhou Line 22 first section,Foshan,cross_city_opportunity,baseline_covered,9678873.784230271,727418.4625733078,0.07515527930103667,236.0961837236835,292.95419279311585,0.8059150185654266
D2022_E01_GZ_M22_FIRST,2022,Guangzhou Line 22 first section,Foshan,cross_city_opportunity,baseline_uncovered,9678873.784230271,8951455.321656965,0.9248447206989634,56.858009069432356,292.95419279311585,0.1940849814345735
D2022_E01_GZ_M22_FIRST,2022,Guangzhou Line 22 first section,Foshan,total_opportunity,baseline_covered,9678873.784230271,727418.4625733078,0.07515527930103667,236.09618372368362,292.9541927931159,0.8059150185654268
D2022_E01_GZ_M22_FIRST,2022,Guangzhou Line 22 first section,Foshan,total_opportunity,baseline_uncovered,9678873.784230271,8951455.321656965,0.9248447206989634,56.85800906943232,292.9541927931159,0.19408498143457334
D2022_E01_GZ_M22_FIRST,2022,Guangzhou Line 22 first section,Guangzhou,coverage,baseline_covered,18038895.640635543,4911450.945602718,0.27227004598545806,0.0,0.001745981393132067,0.0
D2022_E01_GZ_M22_FIRST,2022,Guangzhou Line 22 first section,Guangzhou,coverage,baseline_uncovered,18038895.640635543,13127444.695032826,0.727729954014542,0.0017459813931320668,0.001745981393132067,0.9999999999999999
D2022_E01_GZ_M22_FIRST,2022,Guangzhou Line 22 first section,Guangzhou,cross_city_opportunity,baseline_covered,18038895.640635543,4911450.945602718,0.27227004598545806,39.337696898685195,233.67624810679047,0.16834272724503774
D2022_E01_GZ_M22_FIRST,2022,Guangzhou Line 22 first section,Guangzhou,cross_city_opportunity,baseline_uncovered,18038895.640635543,13127444.695032826,0.727729954014542,194.3385512081053,233.67624810679047,0.8316572727549623
D2022_E01_GZ_M22_FIRST,2022,Guangzhou Line 22 first section,Guangzhou,total_opportunity,baseline_covered,18038895.640635543,4911450.945602718,0.27227004598545806,672.6710548165912,2078.336615930867,0.3236583764441393
D2022_E01_GZ_M22_FIRST,2022,Guangzhou Line 22 first section,Guangzhou,total_opportunity,baseline_uncovered,18038895.640635543,13127444.695032826,0.727729954014542,1405.6655611142755,2078.336615930867,0.6763416235558605
D2022_E02_GZ_M7_WEST,2022,Guangzhou Line 7 western extension,D_equal_city,coverage,baseline_covered,38250058.61750648,5942658.490130404,0.1254229733674006,0.0,0.0020322726504542546,0.0
D2022_E02_GZ_M7_WEST,2022,Guangzhou Line 7 western extension,D_equal_city,coverage,baseline_uncovered,38250058.61750648,32307400.12737608,0.8745770266325995,0.002032272650454254,0.0020322726504542546,0.9999999999999998
D2022_E02_GZ_M7_WEST,2022,Guangzhou Line 7 western extension,D_equal_city,cross_city_opportunity,baseline_covered,38250058.61750648,5942658.490130404,0.1254229733674006,1155.0328138389634,3375.0689779757213,0.3422249504754484
D2022_E02_GZ_M7_WEST,2022,Guangzhou Line 7 western extension,D_equal_city,cross_city_opportunity,baseline_uncovered,38250058.61750648,32307400.12737608,0.8745770266325995,2220.036164136758,3375.0689779757213,0.6577750495245517
D2022_E02_GZ_M7_WEST,2022,Guangzhou Line 7 western extension,D_equal_city,total_opportunity,baseline_covered,38250058.61750648,5942658.490130404,0.1254229733674006,1374.5998591456691,3954.9260519156887,0.34756651353312656
D2022_E02_GZ_M7_WEST,2022,Guangzhou Line 7 western extension,D_equal_city,total_opportunity,baseline_uncovered,38250058.61750648,32307400.12737608,0.8745770266325995,2580.32619277002,3954.9260519156887,0.6524334864668735
D2022_E02_GZ_M7_WEST,2022,Guangzhou Line 7 western extension,Dongguan,coverage,baseline_covered,10532289.192640668,303789.0819543783,0.0288435948157071,0.0,0.0,
D2022_E02_GZ_M7_WEST,2022,Guangzhou Line 7 western extension,Dongguan,coverage,baseline_uncovered,10532289.192640668,10228500.110686291,0.971156405184293,0.0,0.0,
D2022_E02_GZ_M7_WEST,2022,Guangzhou Line 7 western extension,Dongguan,cross_city_opportunity,baseline_covered,10532289.192640668,303789.0819543783,0.0288435948157071,0.0,0.0,
D2022_E02_GZ_M7_WEST,2022,Guangzhou Line 7 western extension,Dongguan,cross_city_opportunity,baseline_uncovered,10532289.192640668,10228500.110686291,0.971156405184293,0.0,0.0,
D2022_E02_GZ_M7_WEST,2022,Guangzhou Line 7 western extension,Dongguan,total_opportunity,baseline_covered,10532289.192640668,303789.0819543783,0.0288435948157071,0.0,0.0,
D2022_E02_GZ_M7_WEST,2022,Guangzhou Line 7 western extension,Dongguan,total_opportunity,baseline_uncovered,10532289.192640668,10228500.110686291,0.971156405184293,0.0,0.0,
D2022_E02_GZ_M7_WEST,2022,Guangzhou Line 7 western extension,Foshan,coverage,baseline_covered,9678873.784230271,727418.4625733078,0.07515527930103667,0.0,0.006096817951362764,0.0
D2022_E02_GZ_M7_WEST,2022,Guangzhou Line 7 western extension,Foshan,coverage,baseline_uncovered,9678873.784230271,8951455.321656965,0.9248447206989634,0.006096817951362763,0.006096817951362764,0.9999999999999999
D2022_E02_GZ_M7_WEST,2022,Guangzhou Line 7 western extension,Foshan,cross_city_opportunity,baseline_covered,9678873.784230271,727418.4625733078,0.07515527930103667,40.7127080360133,6675.326066966495,0.006098984173594773
D2022_E02_GZ_M7_WEST,2022,Guangzhou Line 7 western extension,Foshan,cross_city_opportunity,baseline_uncovered,9678873.784230271,8951455.321656965,0.9248447206989634,6634.613358930482,6675.326066966495,0.9939010158264052
D2022_E02_GZ_M7_WEST,2022,Guangzhou Line 7 western extension,Foshan,total_opportunity,baseline_covered,9678873.784230271,727418.4625733078,0.07515527930103667,637.3769240339257,8352.577824012811,0.07630900752597981
D2022_E02_GZ_M7_WEST,2022,Guangzhou Line 7 western extension,Foshan,total_opportunity,baseline_uncovered,9678873.784230271,8951455.321656965,0.9248447206989634,7715.200899978887,8352.577824012811,0.9236909924740203
D2022_E02_GZ_M7_WEST,2022,Guangzhou Line 7 western extension,Guangzhou,coverage,baseline_covered,18038895.640635543,4911450.945602718,0.27227004598545806,0.0,0.0,
D2022_E02_GZ_M7_WEST,2022,Guangzhou Line 7 western extension,Guangzhou,coverage,baseline_uncovered,18038895.640635543,13127444.695032826,0.727729954014542,0.0,0.0,
D2022_E02_GZ_M7_WEST,2022,Guangzhou Line 7 western extension,Guangzhou,cross_city_opportunity,baseline_covered,18038895.640635543,4911450.945602718,0.27227004598545806,3424.3857334808768,3449.8808669606688,0.9926098510461745
D2022_E02_GZ_M7_WEST,2022,Guangzhou Line 7 western extension,Guangzhou,cross_city_opportunity,baseline_uncovered,18038895.640635543,13127444.695032826,0.727729954014542,25.495133479792393,3449.8808669606688,0.007390148953825616
D2022_E02_GZ_M7_WEST,2022,Guangzhou Line 7 western extension,Guangzhou,total_opportunity,baseline_covered,18038895.640635543,4911450.945602718,0.27227004598545806,3486.4226534030818,3512.2003317342555,0.9926605330287509
D2022_E02_GZ_M7_WEST,2022,Guangzhou Line 7 western extension,Guangzhou,total_opportunity,baseline_uncovered,18038895.640635543,13127444.695032826,0.727729954014542,25.777678331173913,3512.2003317342555,0.00733946697124916
D2022_E03_GZ_M8_RAINBOW,2022,Rainbow Bridge infill station activation,D_equal_city,coverage,baseline_covered,38250058.61750648,5942658.490130404,0.1254229733674006,0.0,0.0,
D2022_E03_GZ_M8_RAINBOW,2022,Rainbow Bridge infill station activation,D_equal_city,coverage,baseline_uncovered,38250058.61750648,32307400.12737608,0.8745770266325995,0.0,0.0,
D2022_E03_GZ_M8_RAINBOW,2022,Rainbow Bridge infill station activation,D_equal_city,cross_city_opportunity,baseline_covered,38250058.61750648,5942658.490130404,0.1254229733674006,98.12954571793097,105.7532247052809,0.9279106712008448
D2022_E03_GZ_M8_RAINBOW,2022,Rainbow Bridge infill station activation,D_equal_city,cross_city_opportunity,baseline_uncovered,38250058.61750648,32307400.12737608,0.8745770266325995,7.623678987349918,105.7532247052809,0.07208932879915501
D2022_E03_GZ_M8_RAINBOW,2022,Rainbow Bridge infill station activation,D_equal_city,total_opportunity,baseline_covered,38250058.61750648,5942658.490130404,0.1254229733674006,732.7823229201837,741.1668575691145,0.9886873858925228
D2022_E03_GZ_M8_RAINBOW,2022,Rainbow Bridge infill station activation,D_equal_city,total_opportunity,baseline_uncovered,38250058.61750648,32307400.12737608,0.8745770266325995,8.384534648930897,741.1668575691145,0.011312614107477182
D2022_E03_GZ_M8_RAINBOW,2022,Rainbow Bridge infill station activation,Dongguan,coverage,baseline_covered,10532289.192640668,303789.0819543783,0.0288435948157071,0.0,0.0,
D2022_E03_GZ_M8_RAINBOW,2022,Rainbow Bridge infill station activation,Dongguan,coverage,baseline_uncovered,10532289.192640668,10228500.110686291,0.971156405184293,0.0,0.0,
D2022_E03_GZ_M8_RAINBOW,2022,Rainbow Bridge infill station activation,Dongguan,cross_city_opportunity,baseline_covered,10532289.192640668,303789.0819543783,0.0288435948157071,0.0,0.0,
D2022_E03_GZ_M8_RAINBOW,2022,Rainbow Bridge infill station activation,Dongguan,cross_city_opportunity,baseline_uncovered,10532289.192640668,10228500.110686291,0.971156405184293,0.0,0.0,
D2022_E03_GZ_M8_RAINBOW,2022,Rainbow Bridge infill station activation,Dongguan,total_opportunity,baseline_covered,10532289.192640668,303789.0819543783,0.0288435948157071,0.0,0.0,
D2022_E03_GZ_M8_RAINBOW,2022,Rainbow Bridge infill station activation,Dongguan,total_opportunity,baseline_uncovered,10532289.192640668,10228500.110686291,0.971156405184293,0.0,0.0,
D2022_E03_GZ_M8_RAINBOW,2022,Rainbow Bridge infill station activation,Foshan,coverage,baseline_covered,9678873.784230271,727418.4625733078,0.07515527930103667,0.0,0.0,
D2022_E03_GZ_M8_RAINBOW,2022,Rainbow Bridge infill station activation,Foshan,coverage,baseline_uncovered,9678873.784230271,8951455.321656965,0.9248447206989634,0.0,0.0,
D2022_E03_GZ_M8_RAINBOW,2022,Rainbow Bridge infill station activation,Foshan,cross_city_opportunity,baseline_covered,9678873.784230271,727418.4625733078,0.07515527930103667,271.9730745525584,294.8441115146082,0.9224300704376908
D2022_E03_GZ_M8_RAINBOW,2022,Rainbow Bridge infill station activation,Foshan,cross_city_opportunity,baseline_uncovered,9678873.784230271,8951455.321656965,0.9248447206989634,22.871036962049754,294.8441115146082,0.07756992956230906
D2022_E03_GZ_M8_RAINBOW,2022,Rainbow Bridge infill station activation,Foshan,total_opportunity,baseline_covered,9678873.784230271,727418.4625733078,0.07515527930103667,271.973074552558,294.84411151460773,0.9224300704376909
D2022_E03_GZ_M8_RAINBOW,2022,Rainbow Bridge infill station activation,Foshan,total_opportunity,baseline_uncovered,9678873.784230271,8951455.321656965,0.9248447206989634,22.871036962049747,294.84411151460773,0.07756992956230915
D2022_E03_GZ_M8_RAINBOW,2022,Rainbow Bridge infill station activation,Guangzhou,coverage,baseline_covered,18038895.640635543,4911450.945602718,0.27227004598545806,0.0,0.0,
D2022_E03_GZ_M8_RAINBOW,2022,Rainbow Bridge infill station activation,Guangzhou,coverage,baseline_uncovered,18038895.640635543,13127444.695032826,0.727729954014542,0.0,0.0,
D2022_E03_GZ_M8_RAINBOW,2022,Rainbow Bridge infill station activation,Guangzhou,cross_city_opportunity,baseline_covered,18038895.640635543,4911450.945602718,0.27227004598545806,22.415562601234516,22.415562601234512,1.0000000000000002
D2022_E03_GZ_M8_RAINBOW,2022,Rainbow Bridge infill station activation,Guangzhou,cross_city_opportunity,baseline_uncovered,18038895.640635543,13127444.695032826,0.727729954014542,0.0,22.415562601234512,0.0
D2022_E03_GZ_M8_RAINBOW,2022,Rainbow Bridge infill station activation,Guangzhou,total_opportunity,baseline_covered,18038895.640635543,4911450.945602718,0.27227004598545806,1926.3738942079933,1928.6564611927358,0.9988164989303845
D2022_E03_GZ_M8_RAINBOW,2022,Rainbow Bridge infill station activation,Guangzhou,total_opportunity,baseline_uncovered,18038895.640635543,13127444.695032826,0.727729954014542,2.2825669847429464,1928.6564611927358,0.0011835010696157585
D2022_E04_FS_TRAM_NH1_FULL,2022,Nanhai Tram 1 completion,D_equal_city,coverage,baseline_covered,38250058.61750648,5942658.490130404,0.1254229733674006,0.0,0.00033850581986087023,0.0
D2022_E04_FS_TRAM_NH1_FULL,2022,Nanhai Tram 1 completion,D_equal_city,coverage,baseline_uncovered,38250058.61750648,32307400.12737608,0.8745770266325995,0.00033850581986087023,0.00033850581986087023,1.0
D2022_E04_FS_TRAM_NH1_FULL,2022,Nanhai Tram 1 completion,D_equal_city,cross_city_opportunity,baseline_covered,38250058.61750648,5942658.490130404,0.1254229733674006,264.7878568193014,455.6616029719076,0.5811063629068304
D2022_E04_FS_TRAM_NH1_FULL,2022,Nanhai Tram 1 completion,D_equal_city,cross_city_opportunity,baseline_uncovered,38250058.61750648,32307400.12737608,0.8745770266325995,190.87374615260623,455.6616029719076,0.4188936370931697
D2022_E04_FS_TRAM_NH1_FULL,2022,Nanhai Tram 1 completion,D_equal_city,total_opportunity,baseline_covered,38250058.61750648,5942658.490130404,0.1254229733674006,363.92371233042246,638.8733477088315,0.5696335801697613
D2022_E04_FS_TRAM_NH1_FULL,2022,Nanhai Tram 1 completion,D_equal_city,total_opportunity,baseline_uncovered,38250058.61750648,32307400.12737608,0.8745770266325995,274.9496353784088,638.8733477088315,0.4303664198302383
D2022_E04_FS_TRAM_NH1_FULL,2022,Nanhai Tram 1 completion,Dongguan,coverage,baseline_covered,10532289.192640668,303789.0819543783,0.0288435948157071,0.0,0.0,
D2022_E04_FS_TRAM_NH1_FULL,2022,Nanhai Tram 1 completion,Dongguan,coverage,baseline_uncovered,10532289.192640668,10228500.110686291,0.971156405184293,0.0,0.0,
D2022_E04_FS_TRAM_NH1_FULL,2022,Nanhai Tram 1 completion,Dongguan,cross_city_opportunity,baseline_covered,10532289.192640668,303789.0819543783,0.0288435948157071,0.0,0.0,
D2022_E04_FS_TRAM_NH1_FULL,2022,Nanhai Tram 1 completion,Dongguan,cross_city_opportunity,baseline_uncovered,10532289.192640668,10228500.110686291,0.971156405184293,0.0,0.0,
D2022_E04_FS_TRAM_NH1_FULL,2022,Nanhai Tram 1 completion,Dongguan,total_opportunity,baseline_covered,10532289.192640668,303789.0819543783,0.0288435948157071,0.0,0.0,
D2022_E04_FS_TRAM_NH1_FULL,2022,Nanhai Tram 1 completion,Dongguan,total_opportunity,baseline_uncovered,10532289.192640668,10228500.110686291,0.971156405184293,0.0,0.0,
D2022_E04_FS_TRAM_NH1_FULL,2022,Nanhai Tram 1 completion,Foshan,coverage,baseline_covered,9678873.784230271,727418.4625733078,0.07515527930103667,0.0,0.0010155174595826108,0.0
D2022_E04_FS_TRAM_NH1_FULL,2022,Nanhai Tram 1 completion,Foshan,coverage,baseline_uncovered,9678873.784230271,8951455.321656965,0.9248447206989634,0.0010155174595826108,0.0010155174595826108,1.0
D2022_E04_FS_TRAM_NH1_FULL,2022,Nanhai Tram 1 completion,Foshan,cross_city_opportunity,baseline_covered,9678873.784230271,727418.4625733078,0.07515527930103667,306.2604636422095,866.4165073326553,0.3534794882718257
D2022_E04_FS_TRAM_NH1_FULL,2022,Nanhai Tram 1 completion,Foshan,cross_city_opportunity,baseline_uncovered,9678873.784230271,8951455.321656965,0.9248447206989634,560.1560436904457,866.4165073326553,0.6465205117281742
D2022_E04_FS_TRAM_NH1_FULL,2022,Nanhai Tram 1 completion,Foshan,total_opportunity,baseline_covered,9678873.784230271,727418.4625733078,0.07515527930103667,603.6680301755723,1416.0517415434263,0.4263036529425147
D2022_E04_FS_TRAM_NH1_FULL,2022,Nanhai Tram 1 completion,Foshan,total_opportunity,baseline_uncovered,9678873.784230271,8951455.321656965,0.9248447206989634,812.3837113678535,1416.0517415434263,0.573696347057485
D2022_E04_FS_TRAM_NH1_FULL,2022,Nanhai Tram 1 completion,Guangzhou,coverage,baseline_covered,18038895.640635543,4911450.945602718,0.27227004598545806,0.0,0.0,
D2022_E04_FS_TRAM_NH1_FULL,2022,Nanhai Tram 1 completion,Guangzhou,coverage,baseline_uncovered,18038895.640635543,13127444.695032826,0.727729954014542,0.0,0.0,
D2022_E04_FS_TRAM_NH1_FULL,2022,Nanhai Tram 1 completion,Guangzhou,cross_city_opportunity,baseline_covered,18038895.640635543,4911450.945602718,0.27227004598545806,488.1031068156946,500.56830158306747,0.9750979142547557
D2022_E04_FS_TRAM_NH1_FULL,2022,Nanhai Tram 1 completion,Guangzhou,cross_city_opportunity,baseline_uncovered,18038895.640635543,13127444.695032826,0.727729954014542,12.465194767372914,500.56830158306747,0.02490208574524442
D2022_E04_FS_TRAM_NH1_FULL,2022,Nanhai Tram 1 completion,Guangzhou,total_opportunity,baseline_covered,18038895.640635543,4911450.945602718,0.27227004598545806,488.1031068156951,500.56830158306815,0.9750979142547554
D2022_E04_FS_TRAM_NH1_FULL,2022,Nanhai Tram 1 completion,Guangzhou,total_opportunity,baseline_uncovered,18038895.640635543,13127444.695032826,0.727729954014542,12.465194767372896,500.56830158306815,0.02490208574524435
D2022_E05_FS_M3_FIRST,2022,Foshan Metro Line 3 first section,D_equal_city,coverage,baseline_covered,38250058.61750648,5942658.490130404,0.1254229733674006,0.0,0.008860728417280422,0.0
D2022_E05_FS_M3_FIRST,2022,Foshan Metro Line 3 first section,D_equal_city,coverage,baseline_uncovered,38250058.61750648,32307400.12737608,0.8745770266325995,0.008860728417280422,0.008860728417280422,1.0
D2022_E05_FS_M3_FIRST,2022,Foshan Metro Line 3 first section,D_equal_city,cross_city_opportunity,baseline_covered,38250058.61750648,5942658.490130404,0.1254229733674006,833.9325124363199,2427.6741222326327,0.3435108957990565
D2022_E05_FS_M3_FIRST,2022,Foshan Metro Line 3 first section,D_equal_city,cross_city_opportunity,baseline_uncovered,38250058.61750648,32307400.12737608,0.8745770266325995,1593.7416097963126,2427.6741222326327,0.6564891042009434
D2022_E05_FS_M3_FIRST,2022,Foshan Metro Line 3 first section,D_equal_city,total_opportunity,baseline_covered,38250058.61750648,5942658.490130404,0.1254229733674006,1804.32845525878,5363.172865178466,0.33642929299813623
D2022_E05_FS_M3_FIRST,2022,Foshan Metro Line 3 first section,D_equal_city,total_opportunity,baseline_uncovered,38250058.61750648,32307400.12737608,0.8745770266325995,3558.844409919686,5363.172865178466,0.6635707070018637
D2022_E05_FS_M3_FIRST,2022,Foshan Metro Line 3 first section,Dongguan,coverage,baseline_covered,10532289.192640668,303789.0819543783,0.0288435948157071,0.0,0.0,
D2022_E05_FS_M3_FIRST,2022,Foshan Metro Line 3 first section,Dongguan,coverage,baseline_uncovered,10532289.192640668,10228500.110686291,0.971156405184293,0.0,0.0,
D2022_E05_FS_M3_FIRST,2022,Foshan Metro Line 3 first section,Dongguan,cross_city_opportunity,baseline_covered,10532289.192640668,303789.0819543783,0.0288435948157071,0.0,0.0,
D2022_E05_FS_M3_FIRST,2022,Foshan Metro Line 3 first section,Dongguan,cross_city_opportunity,baseline_uncovered,10532289.192640668,10228500.110686291,0.971156405184293,0.0,0.0,
D2022_E05_FS_M3_FIRST,2022,Foshan Metro Line 3 first section,Dongguan,total_opportunity,baseline_covered,10532289.192640668,303789.0819543783,0.0288435948157071,0.0,0.0,
D2022_E05_FS_M3_FIRST,2022,Foshan Metro Line 3 first section,Dongguan,total_opportunity,baseline_uncovered,10532289.192640668,10228500.110686291,0.971156405184293,0.0,0.0,
D2022_E05_FS_M3_FIRST,2022,Foshan Metro Line 3 first section,Foshan,coverage,baseline_covered,9678873.784230271,727418.4625733078,0.07515527930103667,0.0,0.026582185251841268,0.0
D2022_E05_FS_M3_FIRST,2022,Foshan Metro Line 3 first section,Foshan,coverage,baseline_uncovered,9678873.784230271,8951455.321656965,0.9248447206989634,0.026582185251841268,0.026582185251841268,1.0
D2022_E05_FS_M3_FIRST,2022,Foshan Metro Line 3 first section,Foshan,cross_city_opportunity,baseline_covered,9678873.784230271,727418.4625733078,0.07515527930103667,12.72720719240513,4770.302322334755,0.0026680085102396577
D2022_E05_FS_M3_FIRST,2022,Foshan Metro Line 3 first section,Foshan,cross_city_opportunity,baseline_uncovered,9678873.784230271,8951455.321656965,0.9248447206989634,4757.57511514235,4770.302322334755,0.9973319914897603
D2022_E05_FS_M3_FIRST,2022,Foshan Metro Line 3 first section,Foshan,total_opportunity,baseline_covered,9678873.784230271,727418.4625733078,0.07515527930103667,2923.9150356597847,13576.798551172256,0.21536115636092473
D2022_E05_FS_M3_FIRST,2022,Foshan Metro Line 3 first section,Foshan,total_opportunity,baseline_uncovered,9678873.784230271,8951455.321656965,0.9248447206989634,10652.88351551247,13576.798551172256,0.7846388436390752
D2022_E05_FS_M3_FIRST,2022,Foshan Metro Line 3 first section,Guangzhou,coverage,baseline_covered,18038895.640635543,4911450.945602718,0.27227004598545806,0.0,0.0,
D2022_E05_FS_M3_FIRST,2022,Foshan Metro Line 3 first section,Guangzhou,coverage,baseline_uncovered,18038895.640635543,13127444.695032826,0.727729954014542,0.0,0.0,
D2022_E05_FS_M3_FIRST,2022,Foshan Metro Line 3 first section,Guangzhou,cross_city_opportunity,baseline_covered,18038895.640635543,4911450.945602718,0.27227004598545806,2489.0703301165545,2512.7200443631427,0.9905880027105916
D2022_E05_FS_M3_FIRST,2022,Foshan Metro Line 3 first section,Guangzhou,cross_city_opportunity,baseline_uncovered,18038895.640635543,13127444.695032826,0.727729954014542,23.649714246587692,2512.7200443631427,0.009411997289408256
D2022_E05_FS_M3_FIRST,2022,Foshan Metro Line 3 first section,Guangzhou,total_opportunity,baseline_covered,18038895.640635543,4911450.945602718,0.27227004598545806,2489.0703301165545,2512.7200443631423,0.9905880027105917
D2022_E05_FS_M3_FIRST,2022,Foshan Metro Line 3 first section,Guangzhou,total_opportunity,baseline_uncovered,18038895.640635543,13127444.695032826,0.727729954014542,23.649714246587703,2512.7200443631423,0.009411997289408261
D2022_E06_GZ_M8_XICUN,2022,Xicun station and Line 5 transfer activation,D_equal_city,coverage,baseline_covered,38250058.61750648,5942658.490130404,0.1254229733674006,0.0,0.0,
D2022_E06_GZ_M8_XICUN,2022,Xicun station and Line 5 transfer activation,D_equal_city,coverage,baseline_uncovered,38250058.61750648,32307400.12737608,0.8745770266325995,0.0,0.0,
D2022_E06_GZ_M8_XICUN,2022,Xicun station and Line 5 transfer activation,D_equal_city,cross_city_opportunity,baseline_covered,38250058.61750648,5942658.490130404,0.1254229733674006,161.43286300205747,163.29727693937517,0.9885827003838535
D2022_E06_GZ_M8_XICUN,2022,Xicun station and Line 5 transfer activation,D_equal_city,cross_city_opportunity,baseline_uncovered,38250058.61750648,32307400.12737608,0.8745770266325995,1.86441393731772,163.29727693937517,0.011417299616146641
D2022_E06_GZ_M8_XICUN,2022,Xicun station and Line 5 transfer activation,D_equal_city,total_opportunity,baseline_covered,38250058.61750648,5942658.490130404,0.1254229733674006,1268.7477590581086,1270.6121729954264,0.9985326648233486
D2022_E06_GZ_M8_XICUN,2022,Xicun station and Line 5 transfer activation,D_equal_city,total_opportunity,baseline_uncovered,38250058.61750648,32307400.12737608,0.8745770266325995,1.8644139373177209,1270.6121729954264,0.0014673351766514454
D2022_E06_GZ_M8_XICUN,2022,Xicun station and Line 5 transfer activation,Dongguan,coverage,baseline_covered,10532289.192640668,303789.0819543783,0.0288435948157071,0.0,0.0,
D2022_E06_GZ_M8_XICUN,2022,Xicun station and Line 5 transfer activation,Dongguan,coverage,baseline_uncovered,10532289.192640668,10228500.110686291,0.971156405184293,0.0,0.0,
D2022_E06_GZ_M8_XICUN,2022,Xicun station and Line 5 transfer activation,Dongguan,cross_city_opportunity,baseline_covered,10532289.192640668,303789.0819543783,0.0288435948157071,0.0,0.0,
D2022_E06_GZ_M8_XICUN,2022,Xicun station and Line 5 transfer activation,Dongguan,cross_city_opportunity,baseline_uncovered,10532289.192640668,10228500.110686291,0.971156405184293,0.0,0.0,
D2022_E06_GZ_M8_XICUN,2022,Xicun station and Line 5 transfer activation,Dongguan,total_opportunity,baseline_covered,10532289.192640668,303789.0819543783,0.0288435948157071,0.0,0.0,
D2022_E06_GZ_M8_XICUN,2022,Xicun station and Line 5 transfer activation,Dongguan,total_opportunity,baseline_uncovered,10532289.192640668,10228500.110686291,0.971156405184293,0.0,0.0,
D2022_E06_GZ_M8_XICUN,2022,Xicun station and Line 5 transfer activation,Foshan,coverage,baseline_covered,9678873.784230271,727418.4625733078,0.07515527930103667,0.0,0.0,
D2022_E06_GZ_M8_XICUN,2022,Xicun station and Line 5 transfer activation,Foshan,coverage,baseline_uncovered,9678873.784230271,8951455.321656965,0.9248447206989634,0.0,0.0,
D2022_E06_GZ_M8_XICUN,2022,Xicun station and Line 5 transfer activation,Foshan,cross_city_opportunity,baseline_covered,9678873.784230271,727418.4625733078,0.07515527930103667,329.9459397152855,335.5391815272386,0.9833305851599955
D2022_E06_GZ_M8_XICUN,2022,Xicun station and Line 5 transfer activation,Foshan,cross_city_opportunity,baseline_uncovered,9678873.784230271,8951455.321656965,0.9248447206989634,5.59324181195316,335.5391815272386,0.016669414840004632
D2022_E06_GZ_M8_XICUN,2022,Xicun station and Line 5 transfer activation,Foshan,total_opportunity,baseline_covered,9678873.784230271,727418.4625733078,0.07515527930103667,329.94593971528536,335.5391815272385,0.9833305851599954
D2022_E06_GZ_M8_XICUN,2022,Xicun station and Line 5 transfer activation,Foshan,total_opportunity,baseline_uncovered,9678873.784230271,8951455.321656965,0.9248447206989634,5.593241811953162,335.5391815272385,0.016669414840004646
D2022_E06_GZ_M8_XICUN,2022,Xicun station and Line 5 transfer activation,Guangzhou,coverage,baseline_covered,18038895.640635543,4911450.945602718,0.27227004598545806,0.0,0.0,
D2022_E06_GZ_M8_XICUN,2022,Xicun station and Line 5 transfer activation,Guangzhou,coverage,baseline_uncovered,18038895.640635543,13127444.695032826,0.727729954014542,0.0,0.0,
D2022_E06_GZ_M8_XICUN,2022,Xicun station and Line 5 transfer activation,Guangzhou,cross_city_opportunity,baseline_covered,18038895.640635543,4911450.945602718,0.27227004598545806,154.35264929088692,154.35264929088692,1.0
D2022_E06_GZ_M8_XICUN,2022,Xicun station and Line 5 transfer activation,Guangzhou,cross_city_opportunity,baseline_uncovered,18038895.640635543,13127444.695032826,0.727729954014542,0.0,154.35264929088692,0.0
D2022_E06_GZ_M8_XICUN,2022,Xicun station and Line 5 transfer activation,Guangzhou,total_opportunity,baseline_covered,18038895.640635543,4911450.945602718,0.27227004598545806,3476.29733745904,3476.2973374590406,0.9999999999999999
D2022_E06_GZ_M8_XICUN,2022,Xicun station and Line 5 transfer activation,Guangzhou,total_opportunity,baseline_uncovered,18038895.640635543,13127444.695032826,0.727729954014542,0.0,3476.2973374590406,0.0
D2023_E01_GZ_M5_EAST,2023,Guangzhou Line 5 eastern extension,D_equal_city,coverage,baseline_covered,38250058.61750648,6300279.078986855,0.1372364740527068,0.0,0.0012677074941100342,0.0
D2023_E01_GZ_M5_EAST,2023,Guangzhou Line 5 eastern extension,D_equal_city,coverage,baseline_uncovered,38250058.61750648,31949779.53851963,0.8627635259472931,0.0012677074941100342,0.0012677074941100342,1.0
D2023_E01_GZ_M5_EAST,2023,Guangzhou Line 5 eastern extension,D_equal_city,cross_city_opportunity,baseline_covered,38250058.61750648,6300279.078986855,0.1372364740527068,49.088045725836224,61.18676643741315,0.8022657280973903
D2023_E01_GZ_M5_EAST,2023,Guangzhou Line 5 eastern extension,D_equal_city,cross_city_opportunity,baseline_uncovered,38250058.61750648,31949779.53851963,0.8627635259472931,12.098720711576926,61.18676643741315,0.1977342719026097
D2023_E01_GZ_M5_EAST,2023,Guangzhou Line 5 eastern extension,D_equal_city,total_opportunity,baseline_covered,38250058.61750648,6300279.078986855,0.1372364740527068,1221.6076503784636,2262.8358918560275,0.5398569356156333
D2023_E01_GZ_M5_EAST,2023,Guangzhou Line 5 eastern extension,D_equal_city,total_opportunity,baseline_uncovered,38250058.61750648,31949779.53851963,0.8627635259472931,1041.228241477564,2262.8358918560275,0.4601430643843668
D2023_E01_GZ_M5_EAST,2023,Guangzhou Line 5 eastern extension,Dongguan,coverage,baseline_covered,10532289.192640668,303789.0819543783,0.0288435948157071,0.0,0.0,
D2023_E01_GZ_M5_EAST,2023,Guangzhou Line 5 eastern extension,Dongguan,coverage,baseline_uncovered,10532289.192640668,10228500.110686291,0.971156405184293,0.0,0.0,
D2023_E01_GZ_M5_EAST,2023,Guangzhou Line 5 eastern extension,Dongguan,cross_city_opportunity,baseline_covered,10532289.192640668,303789.0819543783,0.0288435948157071,0.0,0.0,
D2023_E01_GZ_M5_EAST,2023,Guangzhou Line 5 eastern extension,Dongguan,cross_city_opportunity,baseline_uncovered,10532289.192640668,10228500.110686291,0.971156405184293,0.0,0.0,
D2023_E01_GZ_M5_EAST,2023,Guangzhou Line 5 eastern extension,Dongguan,total_opportunity,baseline_covered,10532289.192640668,303789.0819543783,0.0288435948157071,0.0,0.0,
D2023_E01_GZ_M5_EAST,2023,Guangzhou Line 5 eastern extension,Dongguan,total_opportunity,baseline_uncovered,10532289.192640668,10228500.110686291,0.971156405184293,0.0,0.0,
D2023_E01_GZ_M5_EAST,2023,Guangzhou Line 5 eastern extension,Foshan,coverage,baseline_covered,9678873.784230271,1053543.4752885583,0.10884979996382328,0.0,0.0,
D2023_E01_GZ_M5_EAST,2023,Guangzhou Line 5 eastern extension,Foshan,coverage,baseline_uncovered,9678873.784230271,8625330.308941713,0.8911502000361766,0.0,0.0,
D2023_E01_GZ_M5_EAST,2023,Guangzhou Line 5 eastern extension,Foshan,cross_city_opportunity,baseline_covered,9678873.784230271,1053543.4752885583,0.10884979996382328,142.98966418191597,142.98966418191594,1.0000000000000002
D2023_E01_GZ_M5_EAST,2023,Guangzhou Line 5 eastern extension,Foshan,cross_city_opportunity,baseline_uncovered,9678873.784230271,8625330.308941713,0.8911502000361766,0.0,142.98966418191594,0.0
D2023_E01_GZ_M5_EAST,2023,Guangzhou Line 5 eastern extension,Foshan,total_opportunity,baseline_covered,9678873.784230271,1053543.4752885583,0.10884979996382328,142.98966418191674,142.9896641819167,1.0000000000000002
D2023_E01_GZ_M5_EAST,2023,Guangzhou Line 5 eastern extension,Foshan,total_opportunity,baseline_uncovered,9678873.784230271,8625330.308941713,0.8911502000361766,0.0,142.9896641819167,0.0
D2023_E01_GZ_M5_EAST,2023,Guangzhou Line 5 eastern extension,Guangzhou,coverage,baseline_covered,18038895.640635543,4942946.521743918,0.27401602737859004,0.0,0.0038031224823301024,0.0
D2023_E01_GZ_M5_EAST,2023,Guangzhou Line 5 eastern extension,Guangzhou,coverage,baseline_uncovered,18038895.640635543,13095949.118891625,0.7259839726214099,0.0038031224823301024,0.0038031224823301024,1.0
D2023_E01_GZ_M5_EAST,2023,Guangzhou Line 5 eastern extension,Guangzhou,cross_city_opportunity,baseline_covered,18038895.640635543,4942946.521743918,0.27401602737859004,4.274472995592713,40.57063513032349,0.10535878922925383
D2023_E01_GZ_M5_EAST,2023,Guangzhou Line 5 eastern extension,Guangzhou,cross_city_opportunity,baseline_uncovered,18038895.640635543,13095949.118891625,0.7259839726214099,36.29616213473078,40.57063513032349,0.8946412107707462
D2023_E01_GZ_M5_EAST,2023,Guangzhou Line 5 eastern extension,Guangzhou,total_opportunity,baseline_covered,18038895.640635543,4942946.521743918,0.27401602737859004,3521.833286953474,6645.518011386166,0.529956172102657
D2023_E01_GZ_M5_EAST,2023,Guangzhou Line 5 eastern extension,Guangzhou,total_opportunity,baseline_uncovered,18038895.640635543,13095949.118891625,0.7259839726214099,3123.6847244326923,6645.518011386166,0.470043827897343
D2023_E02_GZ_M7_PHASE2,2023,Guangzhou Line 7 phase 2,D_equal_city,coverage,baseline_covered,38250058.61750648,6300279.078986855,0.1372364740527068,0.0,0.0009309202449175386,0.0
D2023_E02_GZ_M7_PHASE2,2023,Guangzhou Line 7 phase 2,D_equal_city,coverage,baseline_uncovered,38250058.61750648,31949779.53851963,0.8627635259472931,0.0009309202449175385,0.0009309202449175386,0.9999999999999999
D2023_E02_GZ_M7_PHASE2,2023,Guangzhou Line 7 phase 2,D_equal_city,cross_city_opportunity,baseline_covered,38250058.61750648,6300279.078986855,0.1372364740527068,282.45621800544114,331.47853659531876,0.852110127269791
D2023_E02_GZ_M7_PHASE2,2023,Guangzhou Line 7 phase 2,D_equal_city,cross_city_opportunity,baseline_uncovered,38250058.61750648,31949779.53851963,0.8627635259472931,49.022318589877706,331.47853659531876,0.14788987273020926
D2023_E02_GZ_M7_PHASE2,2023,Guangzhou Line 7 phase 2,D_equal_city,total_opportunity,baseline_covered,38250058.61750648,6300279.078986855,0.1372364740527068,1657.4776178419077,2554.856544940516,0.6487556497542989
D2023_E02_GZ_M7_PHASE2,2023,Guangzhou Line 7 phase 2,D_equal_city,total_opportunity,baseline_uncovered,38250058.61750648,31949779.53851963,0.8627635259472931,897.3789270986081,2554.856544940516,0.351244350245701
D2023_E02_GZ_M7_PHASE2,2023,Guangzhou Line 7 phase 2,Dongguan,coverage,baseline_covered,10532289.192640668,303789.0819543783,0.0288435948157071,0.0,0.0,
D2023_E02_GZ_M7_PHASE2,2023,Guangzhou Line 7 phase 2,Dongguan,coverage,baseline_uncovered,10532289.192640668,10228500.110686291,0.971156405184293,0.0,0.0,
D2023_E02_GZ_M7_PHASE2,2023,Guangzhou Line 7 phase 2,Dongguan,cross_city_opportunity,baseline_covered,10532289.192640668,303789.0819543783,0.0288435948157071,0.0,0.0,
D2023_E02_GZ_M7_PHASE2,2023,Guangzhou Line 7 phase 2,Dongguan,cross_city_opportunity,baseline_uncovered,10532289.192640668,10228500.110686291,0.971156405184293,0.0,0.0,
D2023_E02_GZ_M7_PHASE2,2023,Guangzhou Line 7 phase 2,Dongguan,total_opportunity,baseline_covered,10532289.192640668,303789.0819543783,0.0288435948157071,0.0,0.0,
D2023_E02_GZ_M7_PHASE2,2023,Guangzhou Line 7 phase 2,Dongguan,total_opportunity,baseline_uncovered,10532289.192640668,10228500.110686291,0.971156405184293,0.0,0.0,
D2023_E02_GZ_M7_PHASE2,2023,Guangzhou Line 7 phase 2,Foshan,coverage,baseline_covered,9678873.784230271,1053543.4752885583,0.10884979996382328,0.0,0.0,
D2023_E02_GZ_M7_PHASE2,2023,Guangzhou Line 7 phase 2,Foshan,coverage,baseline_uncovered,9678873.784230271,8625330.308941713,0.8911502000361766,0.0,0.0,
D2023_E02_GZ_M7_PHASE2,2023,Guangzhou Line 7 phase 2,Foshan,cross_city_opportunity,baseline_covered,9678873.784230271,1053543.4752885583,0.10884979996382328,658.6467156290308,658.6467156290307,1.0000000000000002
D2023_E02_GZ_M7_PHASE2,2023,Guangzhou Line 7 phase 2,Foshan,cross_city_opportunity,baseline_uncovered,9678873.784230271,8625330.308941713,0.8911502000361766,0.0,658.6467156290307,0.0
D2023_E02_GZ_M7_PHASE2,2023,Guangzhou Line 7 phase 2,Foshan,total_opportunity,baseline_covered,9678873.784230271,1053543.4752885583,0.10884979996382328,658.6467156290312,658.6467156290313,0.9999999999999998
D2023_E02_GZ_M7_PHASE2,2023,Guangzhou Line 7 phase 2,Foshan,total_opportunity,baseline_uncovered,9678873.784230271,8625330.308941713,0.8911502000361766,0.0,658.6467156290313,0.0
D2023_E02_GZ_M7_PHASE2,2023,Guangzhou Line 7 phase 2,Guangzhou,coverage,baseline_covered,18038895.640635543,4942946.521743918,0.27401602737859004,0.0,0.002792760734752616,0.0
D2023_E02_GZ_M7_PHASE2,2023,Guangzhou Line 7 phase 2,Guangzhou,coverage,baseline_uncovered,18038895.640635543,13095949.118891625,0.7259839726214099,0.0027927607347526156,0.002792760734752616,0.9999999999999999
D2023_E02_GZ_M7_PHASE2,2023,Guangzhou Line 7 phase 2,Guangzhou,cross_city_opportunity,baseline_covered,18038895.640635543,4942946.521743918,0.27401602737859004,188.72193838729254,335.7888941569256,0.5620255513843657
D2023_E02_GZ_M7_PHASE2,2023,Guangzhou Line 7 phase 2,Guangzhou,cross_city_opportunity,baseline_uncovered,18038895.640635543,13095949.118891625,0.7259839726214099,147.06695576963313,335.7888941569256,0.43797444861563445
D2023_E02_GZ_M7_PHASE2,2023,Guangzhou Line 7 phase 2,Guangzhou,total_opportunity,baseline_covered,18038895.640635543,4942946.521743918,0.27401602737859004,4313.786137896692,7005.922919192517,0.6157341705943129
D2023_E02_GZ_M7_PHASE2,2023,Guangzhou Line 7 phase 2,Guangzhou,total_opportunity,baseline_uncovered,18038895.640635543,13095949.118891625,0.7259839726214099,2692.136781295824,7005.922919192517,0.384265829405687
D2024_E01_FOUR_LINE_INTERCITY,2024,Four-line Greater Bay Area local intercity integration,D_equal_city,coverage,baseline_covered,38250058.61750648,6419261.52799763,0.13943510179173438,0.0,0.0037503405861292268,0.0
D2024_E01_FOUR_LINE_INTERCITY,2024,Four-line Greater Bay Area local intercity integration,D_equal_city,coverage,baseline_uncovered,38250058.61750648,31830797.089508854,0.8605648982082656,0.0037503405861292268,0.0037503405861292268,1.0
D2024_E01_FOUR_LINE_INTERCITY,2024,Four-line Greater Bay Area local intercity integration,D_equal_city,cross_city_opportunity,baseline_covered,38250058.61750648,6419261.52799763,0.13943510179173438,202.2723440238925,370.485996772338,0.5459648833858299
D2024_E01_FOUR_LINE_INTERCITY,2024,Four-line Greater Bay Area local intercity integration,D_equal_city,cross_city_opportunity,baseline_uncovered,38250058.61750648,31830797.089508854,0.8605648982082656,168.2136527484455,370.485996772338,0.45403511661417
D2024_E01_FOUR_LINE_INTERCITY,2024,Four-line Greater Bay Area local intercity integration,D_equal_city,total_opportunity,baseline_covered,38250058.61750648,6419261.52799763,0.13943510179173438,721.7189849186657,1489.9171732766008,0.48440208480279034
D2024_E01_FOUR_LINE_INTERCITY,2024,Four-line Greater Bay Area local intercity integration,D_equal_city,total_opportunity,baseline_uncovered,38250058.61750648,31830797.089508854,0.8605648982082656,768.1981883579352,1489.9171732766008,0.5155979151972098
D2024_E01_FOUR_LINE_INTERCITY,2024,Four-line Greater Bay Area local intercity integration,Dongguan,coverage,baseline_covered,10532289.192640668,303789.0819543783,0.0288435948157071,0.0,0.009002690998565573,0.0
D2024_E01_FOUR_LINE_INTERCITY,2024,Four-line Greater Bay Area local intercity integration,Dongguan,coverage,baseline_uncovered,10532289.192640668,10228500.110686291,0.971156405184293,0.009002690998565573,0.009002690998565573,1.0
D2024_E01_FOUR_LINE_INTERCITY,2024,Four-line Greater Bay Area local intercity integration,Dongguan,cross_city_opportunity,baseline_covered,10532289.192640668,303789.0819543783,0.0288435948157071,42.24258025597979,183.62889750765996,0.23004320577711723
D2024_E01_FOUR_LINE_INTERCITY,2024,Four-line Greater Bay Area local intercity integration,Dongguan,cross_city_opportunity,baseline_uncovered,10532289.192640668,10228500.110686291,0.971156405184293,141.38631725168017,183.62889750765996,0.7699567942228828
D2024_E01_FOUR_LINE_INTERCITY,2024,Four-line Greater Bay Area local intercity integration,Dongguan,total_opportunity,baseline_covered,10532289.192640668,303789.0819543783,0.0288435948157071,505.1294721100991,1277.908393265569,0.3952783116317833
D2024_E01_FOUR_LINE_INTERCITY,2024,Four-line Greater Bay Area local intercity integration,Dongguan,total_opportunity,baseline_uncovered,10532289.192640668,10228500.110686291,0.971156405184293,772.7789211554701,1277.908393265569,0.6047216883682168
D2024_E01_FOUR_LINE_INTERCITY,2024,Four-line Greater Bay Area local intercity integration,Foshan,coverage,baseline_covered,9678873.784230271,1053543.4752885583,0.10884979996382328,0.0,0.0009029720548992393,0.0
D2024_E01_FOUR_LINE_INTERCITY,2024,Four-line Greater Bay Area local intercity integration,Foshan,coverage,baseline_uncovered,9678873.784230271,8625330.308941713,0.8911502000361766,0.0009029720548992393,0.0009029720548992393,1.0
D2024_E01_FOUR_LINE_INTERCITY,2024,Four-line Greater Bay Area local intercity integration,Foshan,cross_city_opportunity,baseline_covered,9678873.784230271,1053543.4752885583,0.10884979996382328,391.6170854426932,573.1747317104985,0.683242061760135
D2024_E01_FOUR_LINE_INTERCITY,2024,Four-line Greater Bay Area local intercity integration,Foshan,cross_city_opportunity,baseline_uncovered,9678873.784230271,8625330.308941713,0.8911502000361766,181.55764626780524,573.1747317104985,0.316757938239865
D2024_E01_FOUR_LINE_INTERCITY,2024,Four-line Greater Bay Area local intercity integration,Foshan,total_opportunity,baseline_covered,9678873.784230271,1053543.4752885583,0.10884979996382328,897.9841445455323,1551.1930936502492,0.57889900891217
D2024_E01_FOUR_LINE_INTERCITY,2024,Four-line Greater Bay Area local intercity integration,Foshan,total_opportunity,baseline_uncovered,9678873.784230271,8625330.308941713,0.8911502000361766,653.2089491047169,1551.1930936502492,0.4211009910878299
D2024_E01_FOUR_LINE_INTERCITY,2024,Four-line Greater Bay Area local intercity integration,Guangzhou,coverage,baseline_covered,18038895.640635543,5061928.970754692,0.28061191059567275,0.0,0.0013453587049228686,0.0
D2024_E01_FOUR_LINE_INTERCITY,2024,Four-line Greater Bay Area local intercity integration,Guangzhou,coverage,baseline_uncovered,18038895.640635543,12976966.66988085,0.7193880894043272,0.0013453587049228686,0.0013453587049228686,1.0
D2024_E01_FOUR_LINE_INTERCITY,2024,Four-line Greater Bay Area local intercity integration,Guangzhou,cross_city_opportunity,baseline_covered,18038895.640635543,5061928.970754692,0.28061191059567275,172.95736637300448,354.6543610988556,0.4876786678644414
D2024_E01_FOUR_LINE_INTERCITY,2024,Four-line Greater Bay Area local intercity integration,Guangzhou,cross_city_opportunity,baseline_uncovered,18038895.640635543,12976966.66988085,0.7193880894043272,181.69699472585108,354.6543610988556,0.5123213321355585
D2024_E01_FOUR_LINE_INTERCITY,2024,Four-line Greater Bay Area local intercity integration,Guangzhou,total_opportunity,baseline_covered,18038895.640635543,5061928.970754692,0.28061191059567275,762.0433381003655,1640.6500329139842,0.46447647140620746
D2024_E01_FOUR_LINE_INTERCITY,2024,Four-line Greater Bay Area local intercity integration,Guangzhou,total_opportunity,baseline_uncovered,18038895.640635543,12976966.66988085,0.7193880894043272,878.6066948136187,1640.6500329139842,0.5355235285937925
D2024_E02_GAOMING_SUSPENSION,2024,Gaoming Tram suspension,D_equal_city,coverage,baseline_covered,38250058.61750648,6419261.52799763,0.13943510179173438,-0.00196900046716101,-0.00196900046716101,1.0
D2024_E02_GAOMING_SUSPENSION,2024,Gaoming Tram suspension,D_equal_city,coverage,baseline_uncovered,38250058.61750648,31830797.089508854,0.8605648982082656,0.0,-0.00196900046716101,-0.0
D2024_E02_GAOMING_SUSPENSION,2024,Gaoming Tram suspension,D_equal_city,cross_city_opportunity,baseline_covered,38250058.61750648,6419261.52799763,0.13943510179173438,0.0,0.0,
D2024_E02_GAOMING_SUSPENSION,2024,Gaoming Tram suspension,D_equal_city,cross_city_opportunity,baseline_uncovered,38250058.61750648,31830797.089508854,0.8605648982082656,0.0,0.0,
D2024_E02_GAOMING_SUSPENSION,2024,Gaoming Tram suspension,D_equal_city,total_opportunity,baseline_covered,38250058.61750648,6419261.52799763,0.13943510179173438,-54.065626359923016,-54.065626359923016,1.0
D2024_E02_GAOMING_SUSPENSION,2024,Gaoming Tram suspension,D_equal_city,total_opportunity,baseline_uncovered,38250058.61750648,31830797.089508854,0.8605648982082656,0.0,-54.065626359923016,-0.0
D2024_E02_GAOMING_SUSPENSION,2024,Gaoming Tram suspension,Dongguan,coverage,baseline_covered,10532289.192640668,303789.0819543783,0.0288435948157071,0.0,0.0,
D2024_E02_GAOMING_SUSPENSION,2024,Gaoming Tram suspension,Dongguan,coverage,baseline_uncovered,10532289.192640668,10228500.110686291,0.971156405184293,0.0,0.0,
D2024_E02_GAOMING_SUSPENSION,2024,Gaoming Tram suspension,Dongguan,cross_city_opportunity,baseline_covered,10532289.192640668,303789.0819543783,0.0288435948157071,0.0,0.0,
D2024_E02_GAOMING_SUSPENSION,2024,Gaoming Tram suspension,Dongguan,cross_city_opportunity,baseline_uncovered,10532289.192640668,10228500.110686291,0.971156405184293,0.0,0.0,
D2024_E02_GAOMING_SUSPENSION,2024,Gaoming Tram suspension,Dongguan,total_opportunity,baseline_covered,10532289.192640668,303789.0819543783,0.0288435948157071,0.0,0.0,
D2024_E02_GAOMING_SUSPENSION,2024,Gaoming Tram suspension,Dongguan,total_opportunity,baseline_uncovered,10532289.192640668,10228500.110686291,0.971156405184293,0.0,0.0,
D2024_E02_GAOMING_SUSPENSION,2024,Gaoming Tram suspension,Foshan,coverage,baseline_covered,9678873.784230271,1053543.4752885583,0.10884979996382328,-0.005907001401483029,-0.005907001401483029,1.0
D2024_E02_GAOMING_SUSPENSION,2024,Gaoming Tram suspension,Foshan,coverage,baseline_uncovered,9678873.784230271,8625330.308941713,0.8911502000361766,0.0,-0.005907001401483029,-0.0
D2024_E02_GAOMING_SUSPENSION,2024,Gaoming Tram suspension,Foshan,cross_city_opportunity,baseline_covered,9678873.784230271,1053543.4752885583,0.10884979996382328,0.0,0.0,
D2024_E02_GAOMING_SUSPENSION,2024,Gaoming Tram suspension,Foshan,cross_city_opportunity,baseline_uncovered,9678873.784230271,8625330.308941713,0.8911502000361766,0.0,0.0,
D2024_E02_GAOMING_SUSPENSION,2024,Gaoming Tram suspension,Foshan,total_opportunity,baseline_covered,9678873.784230271,1053543.4752885583,0.10884979996382328,-162.19687907976905,-162.19687907976905,1.0
D2024_E02_GAOMING_SUSPENSION,2024,Gaoming Tram suspension,Foshan,total_opportunity,baseline_uncovered,9678873.784230271,8625330.308941713,0.8911502000361766,0.0,-162.19687907976905,-0.0
D2024_E02_GAOMING_SUSPENSION,2024,Gaoming Tram suspension,Guangzhou,coverage,baseline_covered,18038895.640635543,5061928.970754692,0.28061191059567275,0.0,0.0,
D2024_E02_GAOMING_SUSPENSION,2024,Gaoming Tram suspension,Guangzhou,coverage,baseline_uncovered,18038895.640635543,12976966.66988085,0.7193880894043272,0.0,0.0,
D2024_E02_GAOMING_SUSPENSION,2024,Gaoming Tram suspension,Guangzhou,cross_city_opportunity,baseline_covered,18038895.640635543,5061928.970754692,0.28061191059567275,0.0,0.0,
D2024_E02_GAOMING_SUSPENSION,2024,Gaoming Tram suspension,Guangzhou,cross_city_opportunity,baseline_uncovered,18038895.640635543,12976966.66988085,0.7193880894043272,0.0,0.0,
D2024_E02_GAOMING_SUSPENSION,2024,Gaoming Tram suspension,Guangzhou,total_opportunity,baseline_covered,18038895.640635543,5061928.970754692,0.28061191059567275,0.0,0.0,
D2024_E02_GAOMING_SUSPENSION,2024,Gaoming Tram suspension,Guangzhou,total_opportunity,baseline_uncovered,18038895.640635543,12976966.66988085,0.7193880894043272,0.0,0.0,
D2024_E03_FS_M3_TWO_SECTIONS,2024,Foshan Metro Line 3 central and northern sections,D_equal_city,coverage,baseline_covered,38250058.61750648,6419261.52799763,0.13943510179173438,0.0,0.004179042228536875,0.0
D2024_E03_FS_M3_TWO_SECTIONS,2024,Foshan Metro Line 3 central and northern sections,D_equal_city,coverage,baseline_uncovered,38250058.61750648,31830797.089508854,0.8605648982082656,0.004179042228536875,0.004179042228536875,1.0
D2024_E03_FS_M3_TWO_SECTIONS,2024,Foshan Metro Line 3 central and northern sections,D_equal_city,cross_city_opportunity,baseline_covered,38250058.61750648,6419261.52799763,0.13943510179173438,1340.0190401870498,2495.2680402318397,0.5370240866237946
D2024_E03_FS_M3_TWO_SECTIONS,2024,Foshan Metro Line 3 central and northern sections,D_equal_city,cross_city_opportunity,baseline_uncovered,38250058.61750648,31830797.089508854,0.8605648982082656,1155.2490000447895,2495.2680402318397,0.4629759133762052
D2024_E03_FS_M3_TWO_SECTIONS,2024,Foshan Metro Line 3 central and northern sections,D_equal_city,total_opportunity,baseline_covered,38250058.61750648,6419261.52799763,0.13943510179173438,2238.3513428118863,4135.4541806393145,0.54125889081084
D2024_E03_FS_M3_TWO_SECTIONS,2024,Foshan Metro Line 3 central and northern sections,D_equal_city,total_opportunity,baseline_uncovered,38250058.61750648,31830797.089508854,0.8605648982082656,1897.1028378274268,4135.4541806393145,0.4587411091891597
D2024_E03_FS_M3_TWO_SECTIONS,2024,Foshan Metro Line 3 central and northern sections,Dongguan,coverage,baseline_covered,10532289.192640668,303789.0819543783,0.0288435948157071,0.0,0.0,
D2024_E03_FS_M3_TWO_SECTIONS,2024,Foshan Metro Line 3 central and northern sections,Dongguan,coverage,baseline_uncovered,10532289.192640668,10228500.110686291,0.971156405184293,0.0,0.0,
D2024_E03_FS_M3_TWO_SECTIONS,2024,Foshan Metro Line 3 central and northern sections,Dongguan,cross_city_opportunity,baseline_covered,10532289.192640668,303789.0819543783,0.0288435948157071,0.0,0.0,
D2024_E03_FS_M3_TWO_SECTIONS,2024,Foshan Metro Line 3 central and northern sections,Dongguan,cross_city_opportunity,baseline_uncovered,10532289.192640668,10228500.110686291,0.971156405184293,0.0,0.0,
D2024_E03_FS_M3_TWO_SECTIONS,2024,Foshan Metro Line 3 central and northern sections,Dongguan,total_opportunity,baseline_covered,10532289.192640668,303789.0819543783,0.0288435948157071,0.0,0.0,
D2024_E03_FS_M3_TWO_SECTIONS,2024,Foshan Metro Line 3 central and northern sections,Dongguan,total_opportunity,baseline_uncovered,10532289.192640668,10228500.110686291,0.971156405184293,0.0,0.0,
D2024_E03_FS_M3_TWO_SECTIONS,2024,Foshan Metro Line 3 central and northern sections,Foshan,coverage,baseline_covered,9678873.784230271,1053543.4752885583,0.10884979996382328,0.0,0.012537126685610625,0.0
D2024_E03_FS_M3_TWO_SECTIONS,2024,Foshan Metro Line 3 central and northern sections,Foshan,coverage,baseline_uncovered,9678873.784230271,8625330.308941713,0.8911502000361766,0.012537126685610625,0.012537126685610625,1.0
D2024_E03_FS_M3_TWO_SECTIONS,2024,Foshan Metro Line 3 central and northern sections,Foshan,cross_city_opportunity,baseline_covered,9678873.784230271,1053543.4752885583,0.10884979996382328,1585.7909801384155,4962.9814705374865,0.319523856688241
D2024_E03_FS_M3_TWO_SECTIONS,2024,Foshan Metro Line 3 central and northern sections,Foshan,cross_city_opportunity,baseline_uncovered,9678873.784230271,8625330.308941713,0.8911502000361766,3377.19049039907,4962.9814705374865,0.6804761433117588
D2024_E03_FS_M3_TWO_SECTIONS,2024,Foshan Metro Line 3 central and northern sections,Foshan,total_opportunity,baseline_covered,9678873.784230271,1053543.4752885583,0.10884979996382328,4280.787888012925,9883.539891759909,0.43312294328693884
D2024_E03_FS_M3_TWO_SECTIONS,2024,Foshan Metro Line 3 central and northern sections,Foshan,total_opportunity,baseline_uncovered,9678873.784230271,8625330.308941713,0.8911502000361766,5602.752003746982,9883.539891759909,0.566877056713061
D2024_E03_FS_M3_TWO_SECTIONS,2024,Foshan Metro Line 3 central and northern sections,Guangzhou,coverage,baseline_covered,18038895.640635543,5061928.970754692,0.28061191059567275,0.0,0.0,
D2024_E03_FS_M3_TWO_SECTIONS,2024,Foshan Metro Line 3 central and northern sections,Guangzhou,coverage,baseline_uncovered,18038895.640635543,12976966.66988085,0.7193880894043272,0.0,0.0,
D2024_E03_FS_M3_TWO_SECTIONS,2024,Foshan Metro Line 3 central and northern sections,Guangzhou,cross_city_opportunity,baseline_covered,18038895.640635543,5061928.970754692,0.28061191059567275,2434.2661404227338,2522.8226501580325,0.9648978457801021
D2024_E03_FS_M3_TWO_SECTIONS,2024,Foshan Metro Line 3 central and northern sections,Guangzhou,cross_city_opportunity,baseline_uncovered,18038895.640635543,12976966.66988085,0.7193880894043272,88.55650973529859,2522.8226501580325,0.035102154219897826
D2024_E03_FS_M3_TWO_SECTIONS,2024,Foshan Metro Line 3 central and northern sections,Guangzhou,total_opportunity,baseline_covered,18038895.640635543,5061928.970754692,0.28061191059567275,2434.2661404227347,2522.8226501580334,0.9648978457801022
D2024_E03_FS_M3_TWO_SECTIONS,2024,Foshan Metro Line 3 central and northern sections,Guangzhou,total_opportunity,baseline_uncovered,18038895.640635543,12976966.66988085,0.7193880894043272,88.55650973529869,2522.8226501580334,0.035102154219897846
D2024_E04_GZ_M3_EAST,2024,Guangzhou Line 3 eastern extension,D_equal_city,coverage,baseline_covered,38250058.61750648,6419261.52799763,0.13943510179173438,0.0,0.00042933622212031584,0.0
D2024_E04_GZ_M3_EAST,2024,Guangzhou Line 3 eastern extension,D_equal_city,coverage,baseline_uncovered,38250058.61750648,31830797.089508854,0.8605648982082656,0.00042933622212031584,0.00042933622212031584,1.0
D2024_E04_GZ_M3_EAST,2024,Guangzhou Line 3 eastern extension,D_equal_city,cross_city_opportunity,baseline_covered,38250058.61750648,6419261.52799763,0.13943510179173438,74.91562852163507,110.94278460516553,0.6752636396161538
D2024_E04_GZ_M3_EAST,2024,Guangzhou Line 3 eastern extension,D_equal_city,cross_city_opportunity,baseline_uncovered,38250058.61750648,31830797.089508854,0.8605648982082656,36.02715608353047,110.94278460516553,0.32473636038384635
D2024_E04_GZ_M3_EAST,2024,Guangzhou Line 3 eastern extension,D_equal_city,total_opportunity,baseline_covered,38250058.61750648,6419261.52799763,0.13943510179173438,482.97401596032796,848.4210487509772,0.569262180224488
D2024_E04_GZ_M3_EAST,2024,Guangzhou Line 3 eastern extension,D_equal_city,total_opportunity,baseline_uncovered,38250058.61750648,31830797.089508854,0.8605648982082656,365.44703279064925,848.4210487509772,0.43073781977551195
D2024_E04_GZ_M3_EAST,2024,Guangzhou Line 3 eastern extension,Dongguan,coverage,baseline_covered,10532289.192640668,303789.0819543783,0.0288435948157071,0.0,0.0,
D2024_E04_GZ_M3_EAST,2024,Guangzhou Line 3 eastern extension,Dongguan,coverage,baseline_uncovered,10532289.192640668,10228500.110686291,0.971156405184293,0.0,0.0,
D2024_E04_GZ_M3_EAST,2024,Guangzhou Line 3 eastern extension,Dongguan,cross_city_opportunity,baseline_covered,10532289.192640668,303789.0819543783,0.0288435948157071,0.0,0.0,
D2024_E04_GZ_M3_EAST,2024,Guangzhou Line 3 eastern extension,Dongguan,cross_city_opportunity,baseline_uncovered,10532289.192640668,10228500.110686291,0.971156405184293,0.0,0.0,
D2024_E04_GZ_M3_EAST,2024,Guangzhou Line 3 eastern extension,Dongguan,total_opportunity,baseline_covered,10532289.192640668,303789.0819543783,0.0288435948157071,0.0,0.0,
D2024_E04_GZ_M3_EAST,2024,Guangzhou Line 3 eastern extension,Dongguan,total_opportunity,baseline_uncovered,10532289.192640668,10228500.110686291,0.971156405184293,0.0,0.0,
D2024_E04_GZ_M3_EAST,2024,Guangzhou Line 3 eastern extension,Foshan,coverage,baseline_covered,9678873.784230271,1053543.4752885583,0.10884979996382328,0.0,0.0,
D2024_E04_GZ_M3_EAST,2024,Guangzhou Line 3 eastern extension,Foshan,coverage,baseline_uncovered,9678873.784230271,8625330.308941713,0.8911502000361766,0.0,0.0,
D2024_E04_GZ_M3_EAST,2024,Guangzhou Line 3 eastern extension,Foshan,cross_city_opportunity,baseline_covered,9678873.784230271,1053543.4752885583,0.10884979996382328,219.47020233668587,222.5815868914749,0.9860213749113665
D2024_E04_GZ_M3_EAST,2024,Guangzhou Line 3 eastern extension,Foshan,cross_city_opportunity,baseline_uncovered,9678873.784230271,8625330.308941713,0.8911502000361766,3.111384554789013,222.5815868914749,0.013978625088633432
D2024_E04_GZ_M3_EAST,2024,Guangzhou Line 3 eastern extension,Foshan,total_opportunity,baseline_covered,9678873.784230271,1053543.4752885583,0.10884979996382328,219.4702023366857,222.58158689147479,0.9860213749113662
D2024_E04_GZ_M3_EAST,2024,Guangzhou Line 3 eastern extension,Foshan,total_opportunity,baseline_uncovered,9678873.784230271,8625330.308941713,0.8911502000361766,3.1113845547890495,222.58158689147479,0.013978625088633602
D2024_E04_GZ_M3_EAST,2024,Guangzhou Line 3 eastern extension,Guangzhou,coverage,baseline_covered,18038895.640635543,5061928.970754692,0.28061191059567275,0.0,0.0012880086663609475,0.0
D2024_E04_GZ_M3_EAST,2024,Guangzhou Line 3 eastern extension,Guangzhou,coverage,baseline_uncovered,18038895.640635543,12976966.66988085,0.7193880894043272,0.0012880086663609475,0.0012880086663609475,1.0
D2024_E04_GZ_M3_EAST,2024,Guangzhou Line 3 eastern extension,Guangzhou,cross_city_opportunity,baseline_covered,18038895.640635543,5061928.970754692,0.28061191059567275,5.2766832282193254,110.2467669240217,0.04786247592961919
D2024_E04_GZ_M3_EAST,2024,Guangzhou Line 3 eastern extension,Guangzhou,cross_city_opportunity,baseline_uncovered,18038895.640635543,12976966.66988085,0.7193880894043272,104.9700836958024,110.2467669240217,0.9521375240703811
D2024_E04_GZ_M3_EAST,2024,Guangzhou Line 3 eastern extension,Guangzhou,total_opportunity,baseline_covered,18038895.640635543,5061928.970754692,0.28061191059567275,1229.451845544298,2322.681559361457,0.5293243236848595
D2024_E04_GZ_M3_EAST,2024,Guangzhou Line 3 eastern extension,Guangzhou,total_opportunity,baseline_uncovered,18038895.640635543,12976966.66988085,0.7193880894043272,1093.2297138171587,2322.681559361457,0.4706756763151404
D2024_E05_HZ1_TOWER_CLOSURE,2024,Haizhu Tram Tower station section closure,D_equal_city,coverage,baseline_covered,38250058.61750648,6419261.52799763,0.13943510179173438,0.0,0.0,
D2024_E05_HZ1_TOWER_CLOSURE,2024,Haizhu Tram Tower station section closure,D_equal_city,coverage,baseline_uncovered,38250058.61750648,31830797.089508854,0.8605648982082656,0.0,0.0,
D2024_E05_HZ1_TOWER_CLOSURE,2024,Haizhu Tram Tower station section closure,D_equal_city,cross_city_opportunity,baseline_covered,38250058.61750648,6419261.52799763,0.13943510179173438,-11.995232581772397,-12.272591628395025,0.9774001241937437
D2024_E05_HZ1_TOWER_CLOSURE,2024,Haizhu Tram Tower station section closure,D_equal_city,cross_city_opportunity,baseline_uncovered,38250058.61750648,31830797.089508854,0.8605648982082656,-0.27735904662262717,-12.272591628395025,0.022599875806256206
D2024_E05_HZ1_TOWER_CLOSURE,2024,Haizhu Tram Tower station section closure,D_equal_city,total_opportunity,baseline_covered,38250058.61750648,6419261.52799763,0.13943510179173438,-125.11505975385238,-126.99920570176941,0.9851641123461705
D2024_E05_HZ1_TOWER_CLOSURE,2024,Haizhu Tram Tower station section closure,D_equal_city,total_opportunity,baseline_uncovered,38250058.61750648,31830797.089508854,0.8605648982082656,-1.8841459479170162,-126.99920570176941,0.014835887653829361
D2024_E05_HZ1_TOWER_CLOSURE,2024,Haizhu Tram Tower station section closure,Dongguan,coverage,baseline_covered,10532289.192640668,303789.0819543783,0.0288435948157071,0.0,0.0,
D2024_E05_HZ1_TOWER_CLOSURE,2024,Haizhu Tram Tower station section closure,Dongguan,coverage,baseline_uncovered,10532289.192640668,10228500.110686291,0.971156405184293,0.0,0.0,
D2024_E05_HZ1_TOWER_CLOSURE,2024,Haizhu Tram Tower station section closure,Dongguan,cross_city_opportunity,baseline_covered,10532289.192640668,303789.0819543783,0.0288435948157071,0.0,0.0,
D2024_E05_HZ1_TOWER_CLOSURE,2024,Haizhu Tram Tower station section closure,Dongguan,cross_city_opportunity,baseline_uncovered,10532289.192640668,10228500.110686291,0.971156405184293,0.0,0.0,
D2024_E05_HZ1_TOWER_CLOSURE,2024,Haizhu Tram Tower station section closure,Dongguan,total_opportunity,baseline_covered,10532289.192640668,303789.0819543783,0.0288435948157071,0.0,0.0,
D2024_E05_HZ1_TOWER_CLOSURE,2024,Haizhu Tram Tower station section closure,Dongguan,total_opportunity,baseline_uncovered,10532289.192640668,10228500.110686291,0.971156405184293,0.0,0.0,
D2024_E05_HZ1_TOWER_CLOSURE,2024,Haizhu Tram Tower station section closure,Foshan,coverage,baseline_covered,9678873.784230271,1053543.4752885583,0.10884979996382328,0.0,0.0,
D2024_E05_HZ1_TOWER_CLOSURE,2024,Haizhu Tram Tower station section closure,Foshan,coverage,baseline_uncovered,9678873.784230271,8625330.308941713,0.8911502000361766,0.0,0.0,
D2024_E05_HZ1_TOWER_CLOSURE,2024,Haizhu Tram Tower station section closure,Foshan,cross_city_opportunity,baseline_covered,9678873.784230271,1053543.4752885583,0.10884979996382328,-26.62644921221086,-27.458526352078746,0.9696969484378432
D2024_E05_HZ1_TOWER_CLOSURE,2024,Haizhu Tram Tower station section closure,Foshan,cross_city_opportunity,baseline_uncovered,9678873.784230271,8625330.308941713,0.8911502000361766,-0.8320771398678816,-27.458526352078746,0.03030305156215673
D2024_E05_HZ1_TOWER_CLOSURE,2024,Haizhu Tram Tower station section closure,Foshan,total_opportunity,baseline_covered,9678873.784230271,1053543.4752885583,0.10884979996382328,-26.626449212210584,-27.458526352078522,0.9696969484378409
D2024_E05_HZ1_TOWER_CLOSURE,2024,Haizhu Tram Tower station section closure,Foshan,total_opportunity,baseline_uncovered,9678873.784230271,8625330.308941713,0.8911502000361766,-0.8320771398679346,-27.458526352078522,0.03030305156215891
D2024_E05_HZ1_TOWER_CLOSURE,2024,Haizhu Tram Tower station section closure,Guangzhou,coverage,baseline_covered,18038895.640635543,5061928.970754692,0.28061191059567275,0.0,0.0,
D2024_E05_HZ1_TOWER_CLOSURE,2024,Haizhu Tram Tower station section closure,Guangzhou,coverage,baseline_uncovered,18038895.640635543,12976966.66988085,0.7193880894043272,0.0,0.0,
D2024_E05_HZ1_TOWER_CLOSURE,2024,Haizhu Tram Tower station section closure,Guangzhou,cross_city_opportunity,baseline_covered,18038895.640635543,5061928.970754692,0.28061191059567275,-9.359248533106328,-9.359248533106328,1.0
D2024_E05_HZ1_TOWER_CLOSURE,2024,Haizhu Tram Tower station section closure,Guangzhou,cross_city_opportunity,baseline_uncovered,18038895.640635543,12976966.66988085,0.7193880894043272,0.0,-9.359248533106328,-0.0
D2024_E05_HZ1_TOWER_CLOSURE,2024,Haizhu Tram Tower station section closure,Guangzhou,total_opportunity,baseline_covered,18038895.640635543,5061928.970754692,0.28061191059567275,-348.71873004934656,-353.5390907532297,0.9863654095686756
D2024_E05_HZ1_TOWER_CLOSURE,2024,Haizhu Tram Tower station section closure,Guangzhou,total_opportunity,baseline_uncovered,18038895.640635543,12976966.66988085,0.7193880894043272,-4.8203607038831136,-353.5390907532297,0.013634590431324398
D2024_E06_GZ_M11_SHAHE,2024,"Guangzhou Line 11 loop, Shahe activation and Line 21 topology reassignment",D_equal_city,coverage,baseline_covered,38250058.61750648,6419261.52799763,0.13943510179173438,0.0,0.004677327239280941,0.0
D2024_E06_GZ_M11_SHAHE,2024,"Guangzhou Line 11 loop, Shahe activation and Line 21 topology reassignment",D_equal_city,coverage,baseline_uncovered,38250058.61750648,31830797.089508854,0.8605648982082656,0.00467732723928094,0.004677327239280941,0.9999999999999998
D2024_E06_GZ_M11_SHAHE,2024,"Guangzhou Line 11 loop, Shahe activation and Line 21 topology reassignment",D_equal_city,cross_city_opportunity,baseline_covered,38250058.61750648,6419261.52799763,0.13943510179173438,1210.6875000859707,1786.3068503000113,0.6777600947354789
D2024_E06_GZ_M11_SHAHE,2024,"Guangzhou Line 11 loop, Shahe activation and Line 21 topology reassignment",D_equal_city,cross_city_opportunity,baseline_uncovered,38250058.61750648,31830797.089508854,0.8605648982082656,575.6193502140404,1786.3068503000113,0.32223990526452095
D2024_E06_GZ_M11_SHAHE,2024,"Guangzhou Line 11 loop, Shahe activation and Line 21 topology reassignment",D_equal_city,total_opportunity,baseline_covered,38250058.61750648,6419261.52799763,0.13943510179173438,8742.735855652367,16642.008580109432,0.5253413861414364
D2024_E06_GZ_M11_SHAHE,2024,"Guangzhou Line 11 loop, Shahe activation and Line 21 topology reassignment",D_equal_city,total_opportunity,baseline_uncovered,38250058.61750648,31830797.089508854,0.8605648982082656,7899.272724457062,16642.008580109432,0.47465861385856345
D2024_E06_GZ_M11_SHAHE,2024,"Guangzhou Line 11 loop, Shahe activation and Line 21 topology reassignment",Dongguan,coverage,baseline_covered,10532289.192640668,303789.0819543783,0.0288435948157071,0.0,0.0,
D2024_E06_GZ_M11_SHAHE,2024,"Guangzhou Line 11 loop, Shahe activation and Line 21 topology reassignment",Dongguan,coverage,baseline_uncovered,10532289.192640668,10228500.110686291,0.971156405184293,0.0,0.0,
D2024_E06_GZ_M11_SHAHE,2024,"Guangzhou Line 11 loop, Shahe activation and Line 21 topology reassignment",Dongguan,cross_city_opportunity,baseline_covered,10532289.192640668,303789.0819543783,0.0288435948157071,0.0,0.0,
D2024_E06_GZ_M11_SHAHE,2024,"Guangzhou Line 11 loop, Shahe activation and Line 21 topology reassignment",Dongguan,cross_city_opportunity,baseline_uncovered,10532289.192640668,10228500.110686291,0.971156405184293,0.0,0.0,
D2024_E06_GZ_M11_SHAHE,2024,"Guangzhou Line 11 loop, Shahe activation and Line 21 topology reassignment",Dongguan,total_opportunity,baseline_covered,10532289.192640668,303789.0819543783,0.0288435948157071,0.0,0.0,
D2024_E06_GZ_M11_SHAHE,2024,"Guangzhou Line 11 loop, Shahe activation and Line 21 topology reassignment",Dongguan,total_opportunity,baseline_uncovered,10532289.192640668,10228500.110686291,0.971156405184293,0.0,0.0,
D2024_E06_GZ_M11_SHAHE,2024,"Guangzhou Line 11 loop, Shahe activation and Line 21 topology reassignment",Foshan,coverage,baseline_covered,9678873.784230271,1053543.4752885583,0.10884979996382328,0.0,0.0,
D2024_E06_GZ_M11_SHAHE,2024,"Guangzhou Line 11 loop, Shahe activation and Line 21 topology reassignment",Foshan,coverage,baseline_uncovered,9678873.784230271,8625330.308941713,0.8911502000361766,0.0,0.0,
D2024_E06_GZ_M11_SHAHE,2024,"Guangzhou Line 11 loop, Shahe activation and Line 21 topology reassignment",Foshan,cross_city_opportunity,baseline_covered,9678873.784230271,1053543.4752885583,0.10884979996382328,3394.8320593874823,3496.582117049284,0.9709001378329798
D2024_E06_GZ_M11_SHAHE,2024,"Guangzhou Line 11 loop, Shahe activation and Line 21 topology reassignment",Foshan,cross_city_opportunity,baseline_uncovered,9678873.784230271,8625330.308941713,0.8911502000361766,101.75005766180186,3496.582117049284,0.0290998621670202
D2024_E06_GZ_M11_SHAHE,2024,"Guangzhou Line 11 loop, Shahe activation and Line 21 topology reassignment",Foshan,total_opportunity,baseline_covered,9678873.784230271,1053543.4752885583,0.10884979996382328,3417.393097118873,3519.38807113339,0.97101911697346
D2024_E06_GZ_M11_SHAHE,2024,"Guangzhou Line 11 loop, Shahe activation and Line 21 topology reassignment",Foshan,total_opportunity,baseline_uncovered,9678873.784230271,8625330.308941713,0.8911502000361766,101.99497401451701,3519.38807113339,0.028980883026540002
D2024_E06_GZ_M11_SHAHE,2024,"Guangzhou Line 11 loop, Shahe activation and Line 21 topology reassignment",Guangzhou,coverage,baseline_covered,18038895.640635543,5061928.970754692,0.28061191059567275,0.0,0.014031981717842822,0.0
D2024_E06_GZ_M11_SHAHE,2024,"Guangzhou Line 11 loop, Shahe activation and Line 21 topology reassignment",Guangzhou,coverage,baseline_uncovered,18038895.640635543,12976966.66988085,0.7193880894043272,0.014031981717842819,0.014031981717842822,0.9999999999999998
D2024_E06_GZ_M11_SHAHE,2024,"Guangzhou Line 11 loop, Shahe activation and Line 21 topology reassignment",Guangzhou,cross_city_opportunity,baseline_covered,18038895.640635543,5061928.970754692,0.28061191059567275,237.23044087042996,1862.3384338507497,0.1273830988817159
D2024_E06_GZ_M11_SHAHE,2024,"Guangzhou Line 11 loop, Shahe activation and Line 21 topology reassignment",Guangzhou,cross_city_opportunity,baseline_uncovered,18038895.640635543,12976966.66988085,0.7193880894043272,1625.1079929803195,1862.3384338507497,0.872616901118284
D2024_E06_GZ_M11_SHAHE,2024,"Guangzhou Line 11 loop, Shahe activation and Line 21 topology reassignment",Guangzhou,total_opportunity,baseline_covered,18038895.640635543,5061928.970754692,0.28061191059567275,22810.814469838224,46406.637669194904,0.49154206414269536
D2024_E06_GZ_M11_SHAHE,2024,"Guangzhou Line 11 loop, Shahe activation and Line 21 topology reassignment",Guangzhou,total_opportunity,baseline_uncovered,18038895.640635543,12976966.66988085,0.7193880894043272,23595.82319935667,46406.637669194904,0.5084579358573044
